Lipids,OW40_1,OW40_2,OW40_3,OW40_5,OW40_6,OW40_7,OW450_2,OW450_3,OW450_7,OW450_1,OW450_5,OW450_6
Cer(d14:1(4E)/24:0(2OH)),4.3363763287353e-4,5.12982815579542e-4,6.92304836774795e-4,0.00104150422475704,4.27039878494533e-4,4.65929886735334e-4,5.64214214464474e-4,0.00102737517975062,8.83198149314771e-4,5.35501895038932e-4,0.0011302163214658,4.86711719684881e-4
Cer(d14:1(4E)/26:0(2OH)),8.70743355821653e-4,0.00122933216053821,0.00241890390164002,0.0034494447568737,0.00147636114771198,0.00143069602966295,0.00165136406452159,0.00449802840939893,0.00250968659261778,0.00164672062016606,0.00362152995100237,0.00173199531987174
Cer(d16:1/22:1),3.77827905007203e-5,2.79174693820066e-5,4.32677426891509e-5,9.52083580921142e-5,3.50202135572154e-5,4.32540742214513e-5,1.27309493520987e-5,1.76554868911803e-5,1.75112926070268e-5,1.77496988652269e-5,1.68390769734708e-5,1.52456448497559e-5
Cer(d16:1/23:0),6.92195085860967e-5,8.87532236851249e-5,1.07557613198034e-4,1.94154189097498e-4,6.77828401758273e-5,6.18535977957524e-5,1.21988021201809e-4,1.42125428431904e-4,7.47843511009871e-5,1.02299260467778e-4,2.00340211910767e-4,1.34849590088267e-4
Cer(d18:0/h17:0),9.31572543160083e-4,7.8360738011798e-4,0.0014108381265795,0.00234028274195709,0.00124628450371957,6.82695539043632e-4,6.20827703404637e-4,0.00463345488293045,0.00333747415445274,0.00126008719153525,0.00157845436431115,8.21270195539714e-4
Cer(d18:1(4E)/22:0(3OH)),5.02062949490154e-5,7.4627872052068e-5,7.47987445691848e-5,1.90981071470767e-4,6.29868637159915e-5,7.23532343350416e-5,4.33360065634789e-5,3.3133935129978e-5,2.97571968998964e-5,5.92477147985031e-5,4.5531753110627e-5,3.61277715504442e-5
Cer(d18:1/24:1(15Z)),4.3200910842149e-5,7.38296130832991e-5,7.00919735079851e-5,2.36952949286297e-4,6.50396748824902e-5,4.75937112737507e-5,5.51388841902612e-5,2.08685054822803e-5,1.84864407702184e-5,8.1078030352345e-5,4.60713610866038e-5,3.05723022006689e-5
Cer(d18:1/26:0(26OH)),9.1406295313315e-6,1.26211370867445e-5,2.24955519314892e-5,1.03610379662678e-4,2.76888782443026e-5,4.11355370526189e-5,3.17019166199199e-5,9.09960072379825e-5,7.34756317092643e-5,4.44013657663512e-5,4.76114727705433e-5,4.61015860696372e-5
Cer(d18:2/22:0),4.55674473146908e-5,5.29114108915616e-5,6.01848667813031e-5,1.37988817001144e-4,4.64546738377165e-5,5.5101685930251e-5,2.97645178685466e-5,2.91488729200887e-5,3.39517407970616e-5,4.46934891713007e-5,3.49866080861798e-5,1.94345589036223e-5
Cer(t15:0(14Me)/22:0(2OH[R])),3.98564673858369e-5,1.56311498745924e-5,3.95557446294317e-5,3.64320174217677e-5,2.19355625068207e-5,1.82090737724179e-5,5.48491658947126e-5,8.12200978893772e-5,9.51254163449748e-5,4.22614404276971e-5,8.16162995644112e-5,2.87790222440501e-5
Cer(t18:0/17:0),6.53444297920614e-4,7.51566518093531e-4,8.80669711758583e-4,7.85015614606412e-4,2.33611089283213e-4,3.41217381087765e-4,4.80722166742976e-6,6.22857512420518e-5,4.45294478394553e-5,5.81289179859833e-6,6.94536319094207e-6,0
Cer(t18:0/21:0(2OH)),9.97956477952999e-5,8.1708806272269e-5,1.17470879551245e-4,2.04884331547133e-4,9.52736543900424e-5,8.08844633493591e-5,1.65442389099071e-4,3.15883586336536e-4,3.1567455479772e-4,1.38606283095083e-4,2.79543128898894e-4,1.22840800267645e-4
Cer(t18:0/22:0(2OH)),1.03116043173165e-5,8.30666733379758e-6,1.49000805279916e-5,2.07250386167377e-5,1.03327724339258e-5,1.40928684930802e-5,6.66399869155162e-6,1.1377870903167e-5,1.15646571773936e-5,4.47880243527186e-6,3.19664975603446e-5,2.4407836081297e-5
Cer(t18:0/23:0(2OH)),5.61838337919652e-5,6.20717463846903e-5,1.21664934835321e-4,1.68935992926301e-4,7.65095228918507e-5,6.26062791192933e-5,1.31336178352252e-4,3.47659324349319e-4,2.17588754860206e-4,1.37669374491036e-4,2.29828472407521e-4,1.04073190798792e-4
Cer(t18:0/24:0(2OH)),7.59097307207264e-5,6.23748380047528e-5,1.22267471855481e-4,2.76439698899425e-4,9.41223681678349e-5,1.20805627471474e-4,1.13563193199098e-4,3.03337409772519e-4,1.63730460011883e-4,1.18699593722493e-4,1.76364666898159e-4,1.18821147702935e-4
Cer(t18:0/25:0(2OH)),4.45378866357536e-5,4.26516166099563e-5,7.68523623948096e-5,1.97298729599805e-4,6.14057478999631e-5,9.44346190205915e-5,5.46294716404443e-5,1.49542841779135e-4,9.74760434731638e-5,5.19256007011861e-5,8.04205231501749e-5,5.89011671038368e-5
Cer(t18:1(6OH)/21:0),0.00224870462203197,0.00339909386304927,0.00438549853144521,0.00980274534569404,0.00395829841003673,0.00431839436288291,0.00395656501422095,0.00847899291896337,0.00676896057169691,0.00314823774695272,0.00806246714141114,0.00426340130919748
Cer(t18:1(6OH)/22:0(2OH)),1.36053640916805e-4,1.81027475549808e-4,2.25320578341463e-4,3.55819681005743e-4,1.39079221132609e-4,1.57869062193088e-4,1.49123114915162e-4,3.37494834007885e-4,2.11311488191e-4,1.20281567377506e-4,3.70941066266257e-4,1.75557568801945e-4
Cer(t18:1(6OH)/23:0(2OH)),2.17642358739702e-5,2.77021199038636e-5,3.86455617433133e-5,7.93063392984346e-5,2.53773500199847e-5,3.5348889225488e-5,2.50680696550786e-5,4.48728020411233e-5,2.56835394839813e-5,1.50677135899537e-5,5.06246363962398e-5,3.4518798977029e-5
Cer(t18:1(6OH)/23:0),0.00349638332630596,0.0053694859696081796,0.00749241854185427,0.0176398806824795,0.00602926323842626,0.00736091461660949,0.00485203830755683,0.0113513617515352,0.00812029200570869,0.00545531133473907,0.00880789678250765,0.005822241641708
Cer(t18:1(6OH)/24:0(2OH)),3.78351273066619e-5,4.4979241231637e-5,6.77091649662184e-5,1.17096957246293e-4,3.7119207867953e-5,6.51287735334784e-5,4.06678284950103e-5,8.08121648323228e-5,5.584173499146e-5,3.41089203535812e-5,5.36937642528523e-5,4.53802954475078e-5
Cer(t18:1(6OH)/24:0),6.12418758390249e-4,7.80776340490453e-4,0.00115167075568117,0.0026337289572118,7.39701829845963e-4,0.00135622264954646,0.00124246046544567,0.00392515033709423,0.00174300939543817,0.00125288927115732,0.00183235895653309,0.00124462690478108
Cer(t18:1(8E)/26:0(2OH[R])(3OH)),1.04932657725225e-5,1.67922677222859e-5,2.57194635604965e-5,7.57029724721996e-5,2.70706280031312e-5,4.0874983191638e-5,1.88489927450558e-5,5.96830265694816e-5,3.43374571447532e-5,2.23118319204021e-5,2.94030972407854e-5,3.48297180887178e-5
CerP(d14:1(4E)/20:0),2.20082296699336e-5,4.76679515448505e-5,2.83763196934689e-5,5.26121162352701e-5,1.32983018111982e-5,3.25802104040396e-5,1.35885436022052e-4,1.14272665743152e-4,7.49135110235604e-5,5.74267694546584e-5,3.17329711930453e-4,1.12720332038605e-4
CerP(d14:1(4E)/24:0(2OH)),4.17227045436789e-5,5.1022830542038e-5,7.84532361548199e-5,2.22906656197809e-4,5.1215896350839e-5,8.12343106203941e-5,6.3812422281112e-5,1.76114232722595e-4,8.99164831044479e-5,8.61749138513393e-5,9.75213572649685e-5,5.96360908379918e-5
DG(15:0/19:0/0:0),2.12222515754177e-5,1.17129600049999e-5,1.61269554067053e-5,1.05624480733025e-5,1.40104636355208e-5,9.92694255694388e-6,9.23751796893504e-5,1.19988133797951e-4,8.86528496085222e-5,1.00706507603288e-4,9.4082140802641e-5,8.57519175245247e-5
DG(18:1/16:0/0:0),8.81249931534383e-4,7.5796324771408e-4,7.67502937973334e-4,6.49119911600509e-4,7.98272587379214e-4,8.69974170802674e-4,4.97527421186009e-4,6.03643872923942e-4,6.12023538673257e-4,6.11751509178684e-4,6.36040058399079e-4,5.1868101897056e-4
DG(18:1/17:0/0:0),5.17446399671707e-6,5.86228859306305e-6,2.63608236168098e-6,7.0798912342726e-6,1.54276215677291e-6,6.87126722559307e-6,1.43963784814369e-5,5.74045975797133e-6,5.27185233604501e-6,7.31132315018803e-6,1.27216074246057e-5,1.36994220664977e-5
DG(18:2/18:0/0:0),1.00448347886126e-4,9.12184216914574e-5,6.24860733501239e-5,7.49348600963026e-5,4.46940908590731e-5,9.42658438551687e-5,3.37202591509676e-4,1.62038236210046e-4,1.27310509587641e-4,1.66301926738576e-4,3.09405552448509e-4,3.03815334405613e-4
DG(18:2/19:0/0:0),2.4429372057352e-6,3.91719730683132e-6,0,1.66813700934351e-6,0,1.36105341229233e-6,1.71498831884409e-5,7.53641188464843e-6,5.77948214625728e-6,7.33498462887127e-6,1.45252186653674e-5,1.73167728294159e-5
DG(20:5/18:0/0:0),5.88445158863749e-4,6.85201444423395e-4,3.93449766326312e-4,4.70943230522434e-4,3.64150888435944e-4,7.86800375982446e-4,7.710506315804e-4,2.3944900082866e-4,3.20655159546959e-4,6.17097633375214e-4,6.44304725534742e-4,7.00000716752742e-4
DG(22:6/16:0/0:0),8.50945355660665e-5,6.14650125994391e-5,5.5806447586052e-5,5.89754103668282e-5,4.08213960708999e-5,8.35176258502757e-5,2.09975479731382e-4,9.28478021133134e-5,1.04315390301087e-4,9.61969863099634e-5,1.98913130098998e-4,1.92074729573165e-4
FA16:0,0.00138994908238074,0.00148522215849635,0.00171052840061979,0.00210524356971154,0.00297986612988492,0.00166282413544365,0.00186508846888441,0.00247131788835648,0.00147565012230372,0.00171100469636257,0.00168077854225206,0.00146668227731655
FA16:0(2-Meth),5.26069172972395e-5,5.44082819892018e-5,5.80442844649859e-5,4.53447436536223e-5,4.2826203271908e-5,5.65787823166702e-5,4.27995825477306e-5,3.73175561219638e-5,2.55897311364052e-5,2.77339810867659e-5,5.75727465645807e-5,3.22272683444593e-5
FA17:1(6Z),0.00183311719141624,0.00218138244393579,0.00221795061041869,9.9316255579342e-4,0.00103010068984366,0.00224478321270565,0.00280474531389795,0.0030707024510951,0.00227167558940769,0.00240987576548099,0.00337410734088051,0.00246979015808249
FA18:1(13E),0.00121209611829899,0.00147480366808149,0.00152023779817164,0.00114450057425961,0.00115037751196074,0.00144098443222247,0.00202355363364049,0.00215501730579761,0.00154914777889973,0.00164390843714954,0.00212856345603015,0.00159701719295969
"FA18:2(7,10)",3.13012231877335e-4,2.13007916165595e-4,1.84484900793876e-4,1.21988783133503e-4,1.20072053519531e-4,3.28366471217841e-4,1.78814540066097e-4,1.83974870688755e-4,2.31243537710813e-4,1.67145581709775e-4,2.17249058761796e-4,1.03566457893863e-4
FA19:0(11Me),2.49167663689198e-5,1.86197346450662e-5,2.3604015075007e-5,1.94723010748271e-5,3.54982301770223e-5,2.35088816549828e-5,3.21411853088224e-5,2.3934560060185e-5,1.52671289191596e-5,2.48925363522618e-5,2.19704427758356e-5,1.43969344909429e-5
FA19:1(16Z),2.75320497607923e-5,3.15244440666117e-5,2.93510989274696e-5,3.8546353939723e-5,2.64059012582579e-5,3.51252304487118e-5,6.28435745872431e-5,5.93156245706464e-5,4.11496814388615e-5,4.87177951795487e-5,7.56305814228721e-5,5.58257926477247e-5
"FA20:2(7Z,12Z)",2.43520666334556e-5,2.11824182759182e-5,3.24319188879478e-5,2.30157720554247e-5,2.17078394545879e-5,2.33792273296822e-5,2.05058427346042e-5,1.87868502009176e-5,1.41820076086117e-5,1.80485875315371e-5,3.21374019806154e-5,1.60767770371146e-5
"FA20:3(5Z,9Z,12Z)",9.68610805921303e-4,0.00100032037119909,0.0010717498190155,8.96812009631557e-4,7.90379396996305e-4,8.2600198509749e-4,0.00100743352556318,0.0010876868589418,5.92375779996707e-4,8.36318440219966e-4,0.00113720015162467,7.73978156635417e-4
"FA20:4(5,8,11,14)",0.00424952493330719,0.00481994852180947,0.00503356469674861,0.00367708565234819,0.00349201240184114,0.00369947494507494,0.00492665243014419,0.00578481966040881,0.0028155379124229,0.00398893457974023,0.00581232950785519,0.00421411387348134
FA20:5(ω-3),0.00841701902689651,0.00981540540528504,0.0102597864533365,0.00870380720132023,0.00810790182855659,0.00940024189282976,0.010864423955808,0.0132332143454078,0.0103828981849799,0.00990952720408731,0.0129059470654313,0.0104764135440516
GlcCer(d16:1(4E)(15Me)/22:0(2OH),3.74250880467259e-4,4.75134568582783e-4,6.77193476580285e-4,9.16635725392368e-4,4.09884585149292e-4,2.74444549295402e-4,5.05038379911099e-4,0.00150940183493353,8.5053802218605e-4,6.5498201697121e-4,8.68005970529998e-4,3.06631075878063e-4
GlcCer(d16:1(4E)(15Me)/23:0(2OH),5.86561842202071e-5,8.5077462925515e-5,1.20986190297394e-4,1.39085218148409e-4,8.90132006476672e-5,8.12696272963158e-5,1.85748388880891e-4,4.94580947870626e-4,3.20136247521355e-4,2.26330583310668e-4,2.37973026649223e-4,1.82211371474109e-4
GlcCer(d16:1(4E)(15Me)/24:0(2OH),1.5543921852199e-5,3.14902616712823e-5,5.74600133902574e-5,6.07467640967107e-5,2.89097398479373e-5,3.15288402720635e-5,6.19675833056037e-5,1.4581275266857e-4,1.05294157076539e-4,5.87492702300119e-5,8.57008425016376e-5,5.1694710437244e-5
GlcCer(d16:1(4E)(15Me)/25:0(2OH),2.41129635890832e-5,3.82326560830303e-5,5.05354617840757e-5,1.27836085833643e-4,3.90421370651717e-5,5.53317302857289e-5,6.87812504468158e-5,2.00678761053035e-4,1.20285977438159e-4,8.40952161293483e-5,1.08578512395851e-4,9.24946733882122e-5
GlcCer(d18:1(8E)/21:0(2OH[R])),8.32161668571531e-6,1.13030832094723e-5,1.30586346774471e-5,1.87533479772459e-5,1.08328048909968e-5,8.46096722666502e-6,4.14196348405377e-5,8.08858443798037e-5,5.67110150587424e-5,3.06335748634348e-5,5.66163788727551e-5,2.80714248550159e-5
GlcCer(d18:1(8Z)/20:0(2OH[R])),1.05642920599442e-4,9.92580304573311e-5,1.74296899627936e-4,2.86865448522754e-4,1.27478523416957e-4,1.22572255421149e-4,2.00564146458654e-4,4.20771254839323e-4,2.82770166486707e-4,1.44358420902992e-4,3.63797637201784e-4,1.51787662639918e-4
GlcCer(d18:2/21:0),1.73261786928587e-5,2.0330201944865e-5,2.08520872615178e-5,4.42877039206935e-5,1.66399218964384e-5,1.08531692964677e-5,3.84372910268198e-5,5.16133783180309e-5,2.87260433464796e-5,4.92472475138846e-5,4.85640616295234e-5,3.69745027800943e-5
GlcCer(t16:0(15Me)/22:0(2OH[R])),1.77961390536906e-5,1.12959294108035e-5,1.52959792040369e-5,2.72554039113449e-5,1.47437422330367e-5,1.62497167725686e-5,5.60774673412855e-5,7.85180891311828e-5,9.53943689671854e-5,3.04720344798427e-5,8.55738757708629e-5,4.3205578823278e-5
GPCho(14:0/18:1(9E)),2.56889296856374e-4,2.94393917597749e-4,2.50328843449951e-4,3.17085333118453e-4,2.67624479223649e-4,2.61370608212002e-4,1.53283379911114e-4,9.92194659740324e-5,8.31613351568553e-5,1.80377682841696e-4,1.12520118163543e-4,1.40867978072372e-4
GPCho(15:0/15:1(9Z)),1.37023640798813e-5,1.04995313729357e-5,8.24046600438918e-6,8.74204910838337e-6,8.43898398793164e-6,9.50454620069688e-6,2.80770468349201e-6,0,1.33481612216784e-6,4.19542049138097e-6,1.79077441161853e-6,4.88850167115921e-6
"GPCho(15:0/20:4(5Z,8Z,11Z,14Z))",7.35220784331569e-5,1.4144509704138e-4,1.09832278479139e-4,1.36901835142364e-4,1.30637753162744e-4,1.47490256544279e-4,2.34264521711422e-4,9.53918609125557e-5,1.23340720184772e-4,2.12072080309502e-4,1.47815262924392e-4,2.40614864349615e-4
GPCho(15:1(9Z)/15:0),3.74797862762111e-6,5.04454785178384e-6,3.16085061141284e-6,4.19144581435619e-6,3.16991720352413e-6,5.13658911123367e-6,5.16339513988005e-6,2.46201634656873e-6,2.25144115188817e-6,6.34467397438817e-6,3.04073156790366e-6,5.25910985860787e-6
"GPCho(15:1(9Z)/20:4(5Z,8Z,11Z,14Z))",6.44944812859851e-5,8.97425468331663e-5,6.00933066523217e-5,7.4172149180047e-5,5.87062409184657e-5,6.55897494629889e-5,4.56227950005187e-5,1.33885165436131e-5,1.56374999630829e-5,4.02554782235357e-5,2.78593675566205e-5,3.62275200198083e-5
GPCho(16:0/15:1(9Z)),1.51300583805362e-5,2.05931094833173e-5,1.49678602394721e-5,1.36956132215946e-5,1.52596889145662e-5,1.62596371768506e-5,4.09735094903299e-5,1.76931113120849e-5,2.20212784221354e-5,3.63175787216215e-5,2.61196493051165e-5,3.69195704330443e-5
GPCho(17:0/17:0),2.67190585897121e-4,3.17904337920667e-4,3.56181288742454e-4,3.48430593580079e-4,3.59838024313874e-4,3.30831811377025e-4,5.57363382475685e-5,3.68995603437612e-5,4.18230262211075e-5,7.85459016725659e-5,4.23747485284337e-5,5.5752228729579e-5
GPCho(17:0/18:0),8.12717405127465e-5,1.14166306099328e-4,9.61405285658544e-5,1.21470476907523e-4,1.18261695264092e-4,9.87458505884982e-5,1.901580288838e-5,1.06355780134916e-5,1.23858873454416e-5,1.98424531633335e-5,1.26604124963554e-5,1.58725090639658e-5
GPCho(17:1(9Z)/18:1(11E)),0.00106073077733886,0.00120988164954669,0.00106167021092623,0.0011350574317014,8.09924847315161e-4,0.00106837860010281,0.0012134578397069,6.91256037805589e-4,7.2200374250603e-4,0.00125124860940118,9.13980426138427e-4,9.68760801675487e-4
"GPCho(17:1(9Z)/22:5(4Z,7Z,10Z,13Z,16Z))",7.5364869114497e-4,7.38293313840138e-4,8.23790986907231e-4,9.85639452319675e-4,8.89149514900125e-4,9.41964528021076e-4,0.00103647054928059,0.00102698500530462,0.00118302461461008,0.0011741881076428,9.14303439358237e-4,0.00119643165080184
GPCho(18:0/18:0),9.19377795410696e-5,4.90650206591936e-5,5.40724472345367e-5,2.9864091828118e-5,3.44362545227486e-5,3.73386515264821e-5,4.39376802344782e-5,1.28725485912133e-5,1.49548980086689e-5,3.62354928815779e-5,2.57044103404011e-5,2.34804173494862e-5
GPCho(18:0/20:0),3.06542371988746e-5,2.73334372986825e-5,2.54724390673501e-5,2.58978368906678e-5,1.91098365489613e-5,2.18800021530148e-5,3.5579187955424e-5,1.57127669880944e-5,1.44546336201229e-5,3.13449656435551e-5,2.32742890665049e-5,2.58219650476288e-5
"GPCho(18:1(4E)/22:6(4Z,7Z,10Z,13Z,16Z,19Z))",6.69361693111311e-4,7.79295966940087e-4,7.50006968731134e-4,7.69187241360073e-4,7.18224046111371e-4,7.72367396203336e-4,9.05443896547053e-4,5.78835119736821e-4,6.34250177060362e-4,9.24533243329158e-4,6.54734453025485e-4,8.30681277451601e-4
GPCho(18:1(6Z)/15:1(9Z)),4.57533868486038e-4,5.51309788010369e-4,4.62832332502761e-4,5.5395388086577e-4,4.77997073045173e-4,5.00905489493275e-4,6.84693668001506e-4,3.8469266546001e-4,3.65247965240916e-4,6.62882381256003e-4,4.58716204982505e-4,6.14111666715726e-4
GPCho(18:1(6Z)/18:0),7.86884005575536e-4,9.92960354831957e-4,9.44153299802004e-4,0.0010389268554036,0.00104535031537592,9.56787877426577e-4,6.08434051183587e-4,4.85904383239023e-4,5.47448919530004e-4,6.66020999351502e-4,4.70766806838161e-4,5.94817458507224e-4
GPCho(18:1(7Z)/16:0),8.27837041759191e-4,0.00103082624511722,8.51841287331485e-4,8.85898207936411e-4,7.92439126188883e-4,7.157957325927e-4,6.15628768843985e-4,3.03565925176026e-4,2.22380789415292e-4,6.02789348247902e-4,4.13979564805056e-4,4.66365906771846e-4
"GPCho(18:1(7Z)/20:4(7E,10E,13E,16E))",0.00335136972402178,0.00396982876190284,0.00396144783719435,0.00393249275473275,0.00380875426730759,0.00374032381386158,0.00371609220626691,0.00330591124319988,0.00331624103376303,0.00398225689175274,0.0029807269349838,0.00356906292421521
GPCho(18:1(9E)/17:1(9Z)),7.34834720818027e-4,7.13253962447243e-4,7.63856069223271e-4,7.25736463031432e-4,7.39267887167415e-4,7.68443426351335e-4,0.00113098247176896,6.71951613627614e-4,7.69271430934512e-4,0.00107957476995497,7.83782267741665e-4,9.51512970246823e-4
GPCho(18:1(9Z)/18:1(6Z)),0.00331187316428191,0.00322296159129082,0.00372267133541806,0.00373986417417184,0.00369889826729166,0.00392503791015341,0.00423992325528005,0.00450674200571298,0.00498114624142149,0.00463437854615083,0.00345134940855914,0.00419076351362187
"GPCho(18:1(9Z)/18:3(9Z,12Z,15Z))",2.67644136520325e-5,3.93987424794307e-5,2.69217512881882e-5,2.76282273180265e-5,3.3653152294573e-5,3.39979701652346e-5,4.55901876581179e-6,3.4216843743872e-6,3.88252593544202e-6,6.06730880035562e-6,3.28640710817522e-6,5.25101216460809e-6
"GPCho(18:2(2E,4E)/17:1(9Z))",1.57032298596452e-4,1.3528043969272e-4,1.34462610980728e-4,1.39688951963894e-4,1.32241968246928e-4,1.45509390429228e-4,1.81696926730361e-4,8.78630713927712e-5,1.06509424608687e-4,1.76061431621291e-4,1.22646266851826e-4,1.62200520078545e-4
"GPCho(18:2(6Z,9Z)/15:0)",8.04440080435225e-5,7.85524978694741e-5,7.35787413921335e-5,7.48700682785038e-5,7.00836550932478e-5,7.2656820310214e-5,9.71846686770474e-5,5.56978721694413e-5,5.73122111341527e-5,9.91781304560504e-5,6.63020731827807e-5,9.57614685683399e-5
"GPCho(18:2(9E,10E)/14:0)",2.8224131026574e-6,3.65097971901913e-6,2.29346942851425e-6,1.49682595179752e-6,1.79242164007346e-6,3.49358643840576e-6,1.48509991546245e-5,5.76636770220527e-6,5.43275225582771e-6,1.18481827012887e-5,6.83717712089627e-6,1.21537053704185e-5
"GPCho(18:2(9E,10E)/18:2(9E,12E))",1.34429377537361e-4,1.69097585362637e-4,1.17238316540935e-4,1.20705765334053e-4,1.34272285023479e-4,1.43874379970695e-4,1.07917413498915e-4,6.50522600806894e-5,5.93277805865521e-5,1.0517393842311e-4,6.99786623254212e-5,9.13808949606647e-5
"GPCho(18:2(9E,12E)/14:0)",3.86003563811787e-5,4.56469419632261e-5,3.6891363556293e-5,4.61356633058102e-5,3.65948328350359e-5,4.11583177542639e-5,3.11926667445332e-5,1.26300566515755e-5,1.12635652315904e-5,3.09644144312226e-5,2.13767486521198e-5,2.81305675465979e-5
"GPCho(18:2(9E,12E)/18:1(11E))",0.00154493445713667,0.00139764722913872,0.00138261791354712,0.00107913758752611,0.00117968028461107,0.00131745955401282,0.00234940550113284,0.00171123728337299,0.00162557797688172,0.002332619365661,0.00167558599407604,0.00166028750995116
"GPCho(18:2(9E,12E)/20:3(8Z,11Z,14Z))",0.00115789466946527,0.00147882104220172,0.00137807734139507,0.00142253296018485,0.00153929989806816,0.00145582802568271,0.00101309393882239,7.04668708249547e-4,9.00548271587669e-4,0.00101165678532147,7.90974950546609e-4,9.33977835346946e-4
"GPCho(18:2(9Z,11Z)/17:1(9Z))",3.2692038413039e-5,3.39450089710404e-5,3.4803043515758e-5,3.65863161473531e-5,3.38523865880959e-5,3.47513740010538e-5,7.52706559012154e-5,5.52434145933992e-5,5.88457766588718e-5,8.1824454760494e-5,5.77467778321976e-5,8.35408091029239e-5
"GPCho(18:2(9Z,11Z)/20:5(5Z,8Z,11Z,14Z,17Z))",7.08678037467843e-4,7.46768587359306e-4,6.73336440048003e-4,6.27789661353742e-4,6.04973325308547e-4,7.69858158626456e-4,7.90794688690881e-4,4.02339531060823e-4,4.87526142226002e-4,6.91900011728389e-4,5.17326446177873e-4,6.71898457505722e-4
"GPCho(18:2(9Z,12Z)/16:0)",5.78526071728355e-4,6.14043890522953e-4,5.43165509823412e-4,5.15214203618664e-4,5.06362238361343e-4,6.01438532545447e-4,0.00113061319488344,8.32181092163643e-4,9.11825821901167e-4,0.00111490331411447,8.43904780130161e-4,0.00103537708374095
"GPCho(18:3(6Z,9Z,12Z)/17:1(9Z))",4.12129271950815e-6,6.52513781719325e-6,3.80056270347811e-6,6.01930081601138e-6,4.27515260180698e-6,4.138015796848e-6,2.57786162710211e-6,1.14339354863096e-6,0,2.94278197741811e-6,1.77709493713638e-6,2.94564506946009e-6
"GPCho(18:3(9Z,12Z,15Z)/18:2(6Z,9Z))",6.84105379279817e-4,9.37841413668466e-4,6.92870571170894e-4,6.64963501699834e-4,8.29485614970919e-4,9.10608836469613e-4,5.68220963047728e-4,2.8037612053364e-4,3.02095926012635e-4,4.48015728936e-4,3.1269053555214e-4,4.51548042292799e-4
"GPCho(18:3(9Z,12Z,15Z)/18:2(9E,10E))",2.84667071058858e-4,3.6791344316938e-4,2.92773578463646e-4,2.8099619167905e-4,2.78246112800538e-4,3.15137022617993e-4,2.48355812313031e-4,1.08507422416508e-4,1.24274739940567e-4,2.27034080485393e-4,1.51528953830694e-4,2.25853820153417e-4
"GPCho(18:3(9Z,12Z,15Z)/18:3(9Z,12Z,15Z))",2.85570989703487e-4,3.8169113096584e-4,2.86574708263248e-4,2.76030841685886e-4,2.51840589510133e-4,3.68263361785326e-4,0.00100305528113089,4.87526500443994e-4,6.13235788221735e-4,8.08284895669676e-4,6.44726357440714e-4,8.17202682536499e-4
"GPCho(18:3(9Z,12Z,15Z)/22:5(7Z,10Z,13Z,16Z,19Z))",0.0015110305677613,0.0019093906235563,0.00183581999076083,0.00191755474195154,0.00180379340209992,0.00190176394804318,0.00166952166422876,0.00113208956995671,0.00120826136787706,0.00167594964361012,0.0011922480990217,0.00154958364885714
GPCho(19:0/16:1(7Z)),0.00305513575355265,0.00330842392639207,0.00370643362704665,0.00348617849992073,0.00359974902684462,0.0034789073768661,0.00294099125018196,0.00249333480551895,0.0026525115572028,0.00321513248632565,0.00233378674797164,0.0027079355970319
"GPCho(19:0/18:3(9Z,12Z,15Z))",3.7887477403114e-5,3.16186608333729e-5,3.77217950138332e-5,4.1931425147629e-5,3.68415445263973e-5,2.97146159016587e-5,5.73504063086762e-5,4.02174043249812e-5,3.39723132841567e-5,6.48078429968526e-5,4.48167630825582e-5,4.98817327754263e-5
"GPCho(19:0/20:4(5E,8E,11E,14E))",3.13457049241369e-5,4.48691112637552e-5,4.39137490343407e-5,5.23145644326756e-5,4.04959694032537e-5,4.27577269088871e-5,4.11504783725883e-5,2.93393274493407e-5,3.29048085261856e-5,4.81384128668856e-5,3.39119337779928e-5,4.31057722941156e-5
"GPCho(19:0/22:5(7Z,10Z,13Z,16Z,19Z))",2.47643033140618e-5,2.9492896734796e-5,2.21010956461045e-5,2.38657221170442e-5,2.36286558151545e-5,2.54414035857615e-5,8.94855228640965e-6,1.92129459325867e-6,3.42969226531458e-6,7.09085355998547e-6,4.43319155206922e-6,4.54204717555549e-6
"GPCho(20:1(11Z)/20:4(5E,8E,11E,14E))",1.8854630186978e-5,2.50579606726821e-5,2.20629664137866e-5,2.95421814491156e-5,2.68465329712734e-5,2.75878364359504e-5,1.81677510344857e-5,9.18259540909279e-6,1.04990425884439e-5,1.82290719284802e-5,1.26907091589728e-5,1.7342818347646e-5
"GPCho(20:1(13E)/18:2(9Z,11Z))",3.8533830265393e-4,3.81385161774855e-4,3.83054250651194e-4,3.45838436601751e-4,3.15936014793809e-4,3.72303641421866e-4,8.386010088256e-4,5.42294975515397e-4,5.82753832431717e-4,8.6131603609706e-4,5.98215332059797e-4,7.09007339714922e-4
"GPCho(20:2(5Z,8Z)/17:0)",0.00103977311835324,0.00116548538994277,0.0011205341124321,0.00124041864049779,0.00113307622977781,0.00114060740973347,0.00127849703862879,0.00119506579747337,0.00116355075533472,0.00149095710372565,0.00102012176341704,0.00123184428287841
"GPCho(20:3(5Z,8Z,11Z)/17:0)",4.42917356185753e-5,7.64313424081573e-5,7.65794582211937e-5,1.01352472456132e-4,6.52436127538656e-5,8.9858853326935e-5,5.37696639993436e-5,2.00473004507152e-5,2.2553085478709e-5,5.14374579117237e-5,3.35393714495863e-5,3.70033343850501e-5
"GPCho(20:3(5Z,8Z,11Z)/19:0)",6.21833099511869e-6,5.78452821612467e-6,5.34041199375467e-6,7.50478360087887e-6,5.90564590906017e-6,4.69086510724309e-6,1.4488850306536e-5,7.65883521133345e-6,7.58450434432746e-6,1.6539241110195e-5,9.68783725153695e-6,1.14450972307841e-5
"GPCho(20:3(8Z,11Z,14Z)/14:0)",2.8660511143073e-5,2.06740715180809e-5,1.89961739157706e-5,1.49069202388456e-5,1.46262428357373e-5,1.92026458776604e-5,1.32098323486435e-4,5.19387300308042e-5,5.84883826084345e-5,1.06800964837357e-4,7.28700517781178e-5,9.6893346107677e-5
"GPCho(20:3(8Z,11Z,14Z)/18:3(9Z,12Z,15Z))",0.00621094699550478,0.00661611348519408,0.0071961666687086,0.00674017949572802,0.00694437823912994,0.00611170931780829,0.00786826703463914,0.00758865351466021,0.00716676879751245,0.00832011629895953,0.00620076706355732,0.00711184342193117
"GPCho(20:4(5E,8E,11E,14E)/15:1(9Z))",8.74062427702331e-4,0.00103570081083465,9.87426188596555e-4,0.00103368925122867,0.00106457828505131,0.00112770418738744,0.00188176211920615,0.00128436706630445,0.00144178935356322,0.00180178023635752,0.00140038757891459,0.00175131657903735
"GPCho(20:4(5E,8E,11E,14E)/17:0)",5.59577461907202e-4,7.88600658631261e-4,7.36262675872821e-4,7.55141921695295e-4,7.89525295982758e-4,7.38835014613836e-4,3.11975465515253e-4,1.96640108354945e-4,2.25449144333446e-4,3.14684528947985e-4,2.25661111409985e-4,2.90645859730232e-4
"GPCho(20:5(5Z,8Z,11Z,14Z,17Z)/15:1(9Z))",2.17551046908136e-5,2.33307426309548e-5,1.44112514115243e-5,1.42891668926025e-5,1.07637498912675e-5,1.88793023160639e-5,4.27435258796296e-5,1.81468978795831e-5,1.84187207242864e-5,4.46352301513428e-5,2.72573092774188e-5,2.40309542954643e-5
"GPCho(20:5(5Z,8Z,11Z,14Z,17Z)/17:1(9Z))",9.79445073279541e-4,0.00112392653652284,0.00114145008974391,0.00109628902165183,0.00110865027605397,0.00113256271106755,0.00110067297926407,6.88760410192931e-4,8.20682400670416e-4,0.0010686788820858,7.63283715435651e-4,0.00100607070070967
"GPCho(20:5(5Z,8Z,11Z,14Z,17Z)/18:3(6Z,9Z,12Z))",1.33604746666274e-5,1.90879532882924e-5,1.00721127074823e-5,1.28439614900741e-5,9.06821168070941e-6,1.42940611894671e-5,5.42154795302855e-5,1.48986948263282e-5,1.344211694922e-5,3.80907755141508e-5,2.87811832119423e-5,3.28675724223731e-5
"GPCho(20:5(5Z,8Z,11Z,14Z,17Z)/19:0)",2.62311866171392e-5,4.21560547799491e-5,2.8891067941378e-5,3.97676197353624e-5,2.28980400452039e-5,2.35259928950812e-5,4.66357087562068e-5,1.7391259855634e-5,1.19772278841445e-5,5.17480967550041e-5,3.24564914483992e-5,4.18134367025715e-5
"GPCho(20:5(5Z,8Z,11Z,14Z,17Z)/20:4(7E,10E,13E,16E))",0.00305198028281828,0.00379764780346219,0.00358953255529299,0.00363910617390424,0.00351797201827422,0.00394208437869594,0.00351183383721881,0.00248961038981359,0.0027715220238999,0.00349411968713181,0.00264822458045162,0.0032679649130939
GPCho(22:0/16:1(9Z)),1.17733789517958e-5,1.91436948456596e-5,1.17578759057882e-5,1.66942449111709e-5,1.64609790676013e-5,1.69121361671747e-5,8.41798042564893e-6,2.92863832121385e-6,4.53806499450499e-6,8.53791508360712e-6,5.75377716706174e-6,8.47648971344313e-6
"GPCho(22:5(4Z,7Z,10Z,13Z,16Z)/17:0)",4.4118851595945e-5,5.29711936637828e-5,5.39736114083296e-5,6.13840917200787e-5,5.28474884061515e-5,5.63300747685512e-5,4.30053065835926e-5,2.75863457570951e-5,2.9605340059501e-5,4.86082143560329e-5,3.28341770396922e-5,3.85670662048474e-5
"GPCho(22:5(7Z,10Z,13Z,16Z,19Z)/18:1(9E))",1.2083814161841e-4,1.83897013444204e-4,1.60508493735568e-4,1.93837659631471e-4,1.59998614385591e-4,1.83525343336974e-4,2.84885841537806e-4,1.42457676737576e-4,1.68597688948866e-4,2.73487349795149e-4,1.89609846996394e-4,2.29400988595292e-4
"GPCho(22:6(4Z,7Z,10Z,13Z,16Z,19Z)/18:3(9Z,12Z,15Z))",8.22405323841662e-6,4.46201204562683e-6,8.29245970496162e-6,8.39534548296304e-6,1.10283418068238e-5,3.74871033028807e-6,3.33959343103712e-6,1.02710454897702e-5,5.87196558128537e-6,4.83212962112261e-6,2.63849213755327e-6,1.79427929621973e-6
GPEtn(15:0/16:0),1.11412080077059e-5,1.68788429346025e-5,9.14938268226107e-6,9.89433053895661e-6,1.3411796178075e-5,1.54997183370572e-5,3.22282738672313e-5,1.08827484158053e-5,1.51093533408364e-5,1.62313996249725e-5,2.3060698226378e-5,2.16524344022202e-5
GPEtn(15:0/17:0),4.99331666728393e-5,6.49205348988335e-5,5.99358536547394e-5,8.04605350239114e-5,5.19777783977289e-5,6.3942229975418e-5,1.28557735821456e-4,8.1678295206784e-5,8.92436275638554e-5,1.01593574932526e-4,1.56278130992995e-4,1.14812357593302e-4
GPEtn(15:0/18:0),4.61564006510258e-5,6.65585665123894e-5,5.09814977311125e-5,6.27914890765546e-5,6.17281618052014e-5,7.75624402503956e-5,1.09129188168913e-4,5.03516658966302e-5,4.48523285264437e-5,7.65853569833929e-5,7.11538024117253e-5,7.66941143690678e-5
GPEtn(15:1(9Z)/17:0),1.17952776464938e-4,1.64167015067992e-4,1.26290039669631e-4,1.3836074694107e-4,1.45052946931204e-4,1.97707710070984e-4,1.08300357990507e-4,6.84347310629839e-5,7.54260475133076e-5,8.95117803156725e-5,1.26933460768045e-4,1.40053345393944e-4
GPEtn(16:0/17:1(9Z)),2.61761400532962e-4,2.29374290684745e-4,2.28916496336115e-4,2.52278311578345e-4,2.41033267914616e-4,3.1103271796323e-4,6.49222242579634e-5,4.71611349163773e-5,5.68212717500422e-5,5.48514652766063e-5,7.00436084294004e-5,9.06907505923826e-5
"GPEtn(16:0/22:2(13Z,16Z))",3.86452566457559e-5,4.55971747337288e-5,3.94857438972575e-5,4.4182392927054e-5,5.20100878411876e-5,4.88431669167202e-5,9.09717738389413e-5,6.10700780955899e-5,7.25088855065948e-5,7.65774961697144e-5,6.89941173509644e-5,7.18398416132333e-5
"GPEtn(16:1(7Z)/22:6(4Z,7Z,10Z,13Z,16Z,19Z))",7.48467577132733e-6,9.21916960212121e-6,5.46569814166299e-6,4.1277941661448e-6,0,4.51803502154068e-6,3.09094975002273e-5,1.60005295226945e-5,9.57460543675204e-6,1.48016330939208e-5,3.61858555662649e-5,3.42425090023387e-5
"GPEtn(16:1(9Z)/22:2(13Z,16Z))",4.86458525285217e-5,7.20626243580275e-5,5.53647108729147e-5,7.4720283577163e-5,6.44878708688294e-5,8.514891615628e-5,9.15428437357826e-5,6.88395697693097e-5,7.11817932974597e-5,7.431727813014e-5,8.21689165353337e-5,8.44223060115292e-5
GPEtn(17:0/16:0),8.36205479839844e-5,8.36824092342663e-5,7.40483100252308e-5,4.2562351910012e-5,8.07652350903174e-5,9.94032067598979e-5,9.48885472515285e-5,2.76436993862152e-5,4.35741011909233e-5,5.81499271720775e-5,3.28104561444339e-5,5.28569554142047e-5
"GPEtn(17:0/18:2(2E,4E))",4.06390361593666e-4,5.06277945567892e-4,4.76405896383686e-4,6.09529675314559e-4,4.84570305641643e-4,6.90516812985002e-4,4.64661453287867e-4,3.45184466220717e-4,3.85354217072896e-4,3.73849025360429e-4,4.93626997377033e-4,5.39680105532223e-4
"GPEtn(17:0/20:5(5Z,8Z,11Z,14Z,17Z))",4.2984784879183e-4,5.63004698971027e-4,4.99259352002406e-4,6.65505591270119e-4,5.69333891612032e-4,0.00073882271434789505,9.39087558443347e-4,6.31564074689922e-4,7.64323243218291e-4,7.59542356390388e-4,0.00110475764464854,0.00103914832105008
"GPEtn(18:0/20:3(5Z,8Z,11Z))",6.83763875730907e-5,1.18175805678735e-4,8.75924694049214e-5,1.31227695067466e-4,1.22243238131814e-4,1.37373779961002e-4,5.9839245787267e-5,3.6449679061071e-5,3.7774357032389e-5,5.22435291590986e-5,3.99998495076079e-5,5.52189322306865e-5
"GPEtn(18:0/20:4(5E,8E,11E,14E))",1.51147135698248e-4,2.05814824395165e-4,1.53090254339859e-4,2.04754500754024e-4,2.37865054588337e-4,2.36839181899589e-4,2.95386057543879e-4,1.49160171438646e-4,2.00188205107937e-4,2.33026113400091e-4,1.99480418283062e-4,2.83901790075337e-4
"GPEtn(18:0/20:5(5Z,8Z,11Z,14Z,17Z))",4.0737472304111e-4,5.58588573870144e-4,4.50646200896031e-4,5.34043585137871e-4,5.23117233467694e-4,7.00744204990829e-4,5.68593662202294e-4,4.04843964777765e-4,4.06305130821979e-4,5.01492428321938e-4,5.04004673464467e-4,6.46863448416668e-4
GPEtn(18:1(11E)/16:0),0.00604989842877856,0.00668906502560837,0.00588086470981355,0.00397816808500734,0.00652955091964988,0.00762954675842361,0.007866883084533,0.00448154042481873,0.00501570750641964,0.00659472652088107,0.0031089157474771998,0.00611439251840004
GPEtn(18:1(11E)/17:0),0.00218434306829403,0.00266129055589066,0.00274986624551657,0.00355571500319181,0.00295921012496432,0.00341732337878712,0.00450948067252923,0.00303652689404944,0.00348365954160959,0.00316820258202203,0.00360824377036876,0.00395088604469589
GPEtn(18:1(11Z)/15:1(9Z)),8.71422355819106e-6,1.49447653171325e-5,1.55130810549878e-5,1.52380814749732e-5,1.27112614867139e-5,2.71105571710003e-5,6.57136486944615e-5,3.48728844708899e-5,4.54142554237055e-5,5.03885842452184e-5,6.76175879583254e-5,9.60767131395614e-5
"GPEtn(18:1(4E)/22:5(7Z,10Z,13Z,16Z,19Z))",1.30383164335019e-4,1.24032152782388e-4,1.31240008555191e-4,1.01678346666244e-4,1.38800258648718e-4,1.35665963975949e-4,2.35975287034763e-4,1.83102328065001e-4,2.06838006612787e-4,2.39696837981372e-4,1.71167076545334e-4,2.43091639419828e-4
GPEtn(18:1(6Z)/18:0),9.54693430853244e-4,0.00123856497837301,0.00117556518688526,0.00144817347467356,0.00143249312161377,0.00153630374344304,0.0014668188166993,0.00138393099107469,0.00160359490775297,0.00163260276792803,9.62134879044597e-4,0.00155048753519764
"GPEtn(18:1(6Z)/20:4(5E,8E,11E,14E))",9.25781585692978e-5,1.48968827953042e-4,9.4323483601706e-5,1.17804682235135e-4,9.44934015727775e-5,1.68532761528814e-4,3.93125371721128e-4,2.25294830611151e-4,2.35029052792193e-4,2.99716278987485e-4,4.37869097015462e-4,4.49054726260961e-4
GPEtn(18:1(7Z)/18:1(17Z)),0.00287273373345531,0.00374490201996674,0.00356987420124596,0.00504744208656084,0.00432547909751092,0.00490988032315529,0.00695483684178158,0.00559967145610676,0.00640519248291853,0.00618715235590475,0.00553711005815468,0.00682321178912536
GPEtn(18:1(9E)/15:0),2.36248414761168e-4,2.74065327164789e-4,1.84991856815896e-4,2.48640563727195e-4,1.82770896271394e-4,3.19852308358144e-4,0.00188994962912645,0.00102884927035415,0.00118019470397483,0.00129118714237189,0.00177442553241351,0.00196067794523703
"GPEtn(18:1(9E)/20:3(5Z,8Z,11Z))",1.15619971517269e-4,2.14698235827014e-4,1.65059027168294e-4,2.24784117982694e-4,2.04422504771796e-4,2.35059196134155e-4,1.19695756261244e-4,7.31420006553862e-5,6.24875345995134e-5,8.84967405376487e-5,1.01443515254926e-4,1.13529354020611e-4
"GPEtn(18:2(2E,4E)/16:0)",1.67467108838334e-4,2.36306672113315e-4,1.59824229891023e-4,1.75810946095991e-4,1.55002771572765e-4,2.80401070758188e-4,4.59783847743225e-4,3.17234676223516e-4,2.78702191312485e-4,3.83853927283686e-4,4.1755897895209e-4,4.80198420233272e-4
"GPEtn(18:2(6Z,9Z)/18:1(11E))",6.3699905852619e-4,8.48320918899518e-4,6.87223639848062e-4,0.00100332683351986,7.92338710425996e-4,0.00116987272486662,0.00132896222921984,8.50922658898722e-4,0.00112579537265624,0.00112183683112189,0.00131049693462598,0.00167271509450188
"GPEtn(18:2(6Z,9Z)/18:1(9Z))",3.55973535763399e-4,4.49075216163818e-4,3.89644100563387e-4,5.42013775579039e-4,4.13630074625006e-4,5.40552825517544e-4,0.00109869724801824,9.39439898718121e-4,9.0966140700776e-4,0.00112031429326864,0.00148576042316395,0.00139075124188316
"GPEtn(18:4(9E,11E,13E,15E)/8:0)",7.52658189621754e-5,4.29526177378668e-5,2.67442938083299e-5,1.75817990783572e-5,1.00882012544427e-4,6.03092208402358e-5,7.97316524820827e-5,5.04120945681191e-5,4.62068597813681e-5,1.20131488596217e-4,1.94590265237254e-5,7.79610157133871e-5
GPEtn(20:1(11E)/17:1(9Z)),9.13401780791622e-6,9.99593150379207e-6,8.24109814956413e-6,1.56662801470527e-5,1.26262108719342e-5,1.37980995761045e-5,2.21998388366333e-5,1.71185860168117e-5,2.34462784137442e-5,2.18513941171186e-5,2.41723238530008e-5,2.26908709523014e-5
"GPEtn(20:3(5Z,8Z,11Z)/17:0)",6.92870945501654e-5,1.05994331645695e-4,1.09811771158972e-4,1.36551462100554e-4,1.13875364427272e-4,1.3531066844489e-4,1.5203333318583e-4,9.66014806181516e-5,9.07796623977656e-5,1.20734881841143e-4,1.291667646799e-4,1.28876176394252e-4
"GPEtn(20:3(8Z,11Z,14Z)/17:1(9Z))",3.56631457383278e-5,6.69448674009716e-5,6.01872949840397e-5,7.23022713920827e-5,6.00430993521509e-5,8.68732735188409e-5,6.52738423731248e-5,3.6869803857977e-5,4.89822863544101e-5,4.5907751131005e-5,6.66620210115841e-5,7.44041152589818e-5
"GPEtn(20:4(7E,10E,13E,16E)/17:0)",3.47185012030015e-5,6.11923940537665e-5,6.01824111354147e-5,7.99163558640025e-5,6.69442688202557e-5,7.50163268533094e-5,4.66879356096866e-5,4.2875308048002e-5,2.51181181911402e-5,4.24827673178148e-5,6.21229496580908e-5,5.70209929822086e-5
"GPEtn(20:5(5Z,8Z,11Z,14Z,17Z)/16:0)",7.43387811196468e-5,1.16498074141257e-4,6.79824570277534e-5,8.18026474650684e-5,9.47303941513176e-5,1.16967161782439e-4,8.39257075284013e-5,6.46629875444139e-5,4.29001793064609e-5,8.49348279970957e-5,6.95681383649847e-5,8.8313620035525e-5
"GPEtn(20:5(5Z,8Z,11Z,14Z,17Z)/17:0)",1.49651494207942e-4,1.39364704497295e-4,1.06842562091034e-4,1.67824768712255e-4,1.20488487893133e-4,1.81626189377331e-4,2.52982242906578e-4,9.1199682305089e-5,1.84788966044063e-4,2.93546052112374e-4,1.45511257318185e-4,3.09541207009932e-4
"GPEtn(20:5(5Z,8Z,11Z,14Z,17Z)/19:0)",4.0577326617241e-5,5.52341909119447e-5,5.63699931084731e-5,6.75302424691448e-5,7.19100776771511e-5,6.75179589896077e-5,4.9555095176543e-5,3.52192655296473e-5,3.46205443609462e-5,4.15624849383994e-5,4.11419005310826e-5,4.17954709265925e-5
"GPIns(18:0/20:4(5E,8E,11E,14E))",5.95197312177671e-4,4.9658113355637e-4,4.82848345855628e-4,7.0342157683098e-4,4.39295690378887e-4,6.86910455913335e-4,4.81410087801998e-4,4.55245552919495e-4,3.56631813699329e-4,5.48883075281304e-4,4.07132753073193e-4,5.3374380052632e-4
GPIns(18:1(6Z)/18:1(9E)),5.65531449954448e-5,6.69942559398257e-5,4.99806533790149e-5,1.0675218820577e-4,4.94527877166866e-5,6.28419057321662e-5,3.02249435381852e-4,3.33921200333423e-4,2.75587046701346e-4,3.63622676402543e-4,2.48622034889829e-4,4.38263583110157e-4
"GPIns(18:1(6Z)/20:5(5Z,8Z,11Z,14Z,17Z))",0.00136899161492704,0.00173004884611941,0.00143029097123742,0.00122879968548802,0.00111589919046051,0.00186265387712394,0.00319660377036027,0.00253438962683951,0.00189990974334099,0.00236209502089253,0.00564320747362243,0.0037046630683625
"GPIns(20:5(5Z,8Z,11Z,14Z,17Z)/18:0)",0.0196682891186197,0.022376809732374,0.0202379870536008,0.0191322027981485,0.0162716551634116,0.0236971712319632,0.0270397407616601,0.0193575085541296,0.0161134093833343,0.0228003159953784,0.0326828448837765,0.0252281336456227
"GPIns(18:3(9Z,12Z,15Z)/22:1(11Z))",7.6878899766911e-4,7.0057267442107e-4,5.11206930608884e-4,5.49582091014779e-4,0.00111093640606612,7.25189303227542e-4,9.0545707763245e-4,5.60138826320321e-4,3.39570098880961e-4,5.15043031047816e-4,0.00105827807687732,7.23546094208161e-4
"GPIns(22:1(11Z)/18:2(9Z,12Z))",0.00115169560681107,0.00108199023931519,8.99605691151633e-4,7.38199779079285e-5,2.0446258885854e-4,9.34442019660088e-4,0.00136023796220352,8.7646125959492e-4,5.09295802448363e-4,8.64313399538089e-4,0.00150674717835384,0.0010376269326416
GPSer(16:0/21:0),7.12862759119775e-5,1.38344830891657e-4,1.32168270024757e-4,1.06025614285928e-4,1.23564070679304e-4,1.23380236732612e-4,1.11981128435014e-4,9.66104716352647e-5,6.53745048580245e-5,1.02588017149645e-4,1.05469354681263e-4,9.54992316544827e-5
GPSer(17:0/21:0),2.26741699316368e-4,4.12169758174681e-4,4.02607945138611e-4,3.87825193856967e-4,3.74357691250555e-4,3.67202871950375e-4,3.14709552000622e-4,2.6853839560212e-4,1.92543266757853e-4,2.31810534106971e-4,2.95923208204192e-4,2.28354261653329e-4
"GPSer(17:0/24:4(5Z,8Z,11Z,14Z))",4.05720916750639e-5,8.6555864713898e-5,7.99758232949524e-5,6.80886180985994e-5,7.90377696508533e-5,7.63801055933704e-5,5.12744169359402e-5,4.56370263362827e-5,3.25278710749662e-5,4.41015113775259e-5,4.52145781294992e-5,4.19935409847218e-5
GPSer(17:1(9Z)/21:0),3.24994303044274e-5,4.30633486033205e-5,5.18350133602334e-5,4.08841118145454e-5,4.36593798920426e-5,4.55478861112534e-5,4.79493971099203e-5,4.0869134573371e-5,3.29196617185137e-5,3.98388308042376e-5,5.24649134880474e-5,3.74143169927348e-5
GPSer(17:1(9Z)/22:1(13Z)),6.28897013540495e-5,8.19966650371877e-5,9.11494017931339e-5,9.66906639212232e-5,9.85817698349305e-5,9.61196722445168e-5,1.19092674399523e-4,1.09486724288815e-4,7.18206456820993e-5,9.86161961775937e-5,1.45810922124414e-4,1.08849369198581e-4
"GPSer(17:1(9Z)/24:4(5Z,8Z,11Z,14Z))",8.71989894945045e-5,1.75269755402202e-4,1.8540812245649e-4,1.54690406643443e-4,1.53807885007442e-4,1.56896799510112e-4,2.84730089820151e-4,2.040203786825e-4,1.75822608306923e-4,2.09219658772488e-4,2.82722177451533e-4,2.39828633484938e-4
"GPSer(18:2(2E,4E)/18:1(9E))",6.1120951627565e-5,5.00596313114111e-5,9.95192989579714e-5,3.64877792137521e-5,9.70753892048704e-5,3.44255166766154e-5,1.3367025594885e-4,8.1685396835133e-5,8.88923789407559e-5,1.23456310383509e-4,2.85336285758193e-5,5.78831948150149e-5
GPSer(19:0/18:1(9E)),2.99015779378246e-5,6.68801376975112e-5,5.77164765940734e-5,4.48299602572857e-5,5.09938081012138e-5,6.25525044138659e-5,3.67365787124118e-5,2.96031205680873e-5,1.4963751538192e-5,3.61492604464863e-5,3.56421010688981e-5,3.36068909149016e-5
"GPSer(19:0/22:5(4Z,7Z,10Z,13Z,16Z))",7.15663706221668e-5,1.43581200690889e-4,1.26164813476053e-4,1.16363188338077e-4,1.15104080931767e-4,1.20895960597568e-4,1.17588428861793e-4,1.00043471655431e-4,7.51430653329181e-5,9.27583064519642e-5,1.47434947427268e-4,1.15233968261449e-4
GPSer(20:0/18:1(11E)),9.67118983254077e-5,1.69729929609964e-4,1.78988109930483e-4,1.45004941047633e-4,1.60658795921945e-4,1.62758291723545e-4,2.99070341798587e-4,2.36516780760045e-4,1.73817651195935e-4,2.45255169500203e-4,2.84347031170291e-4,2.50131298722626e-4
"GPSer(20:0/20:5(5Z,8Z,11Z,14Z,17Z))",4.28906260246881e-5,7.69315735581829e-5,8.19835620482907e-5,7.09803311632417e-5,6.90381090767319e-5,7.42227016716464e-5,1.24665999855784e-4,9.32773741279464e-5,7.83864164877391e-5,9.92103174592329e-5,1.67818072969104e-4,1.22924707448641e-4
"GPSer(20:1(11E)/20:2(5Z,8Z))",2.39756259585144e-5,5.77863804157197e-5,6.39590719413343e-5,6.6489628277049e-5,6.41988462595337e-5,6.4588876702528e-5,3.49634990312021e-5,2.13277797511602e-5,2.19393462416616e-5,2.14466254978775e-5,2.92130746395765e-5,2.8714838501339e-5
"GPSer(20:2(11Z,14Z)/21:0)",1.1964925715771e-5,1.77155928649148e-5,1.49532840607828e-5,1.3480875428129e-5,1.62231078363863e-5,1.75327690589428e-5,2.23542926378401e-5,1.93484366749793e-5,1.35629662529622e-5,1.58989682444685e-5,1.59702192005108e-5,1.45841414612843e-5
"GPSer(20:3(8Z,11Z,14Z)/21:0)",7.42503841527665e-5,1.48873035858149e-4,1.38755730730162e-4,1.20568190141503e-4,1.292192396872e-4,1.25626688709587e-4,1.20507706939856e-4,1.08640689233005e-4,7.51122633560617e-5,1.01930785667282e-4,9.90946666115579e-5,9.48687571333291e-5
"GPSer(20:4(5E,8E,11E,14E)/18:0)",6.43493910627754e-5,1.17449940458886e-4,1.2523555740276e-4,1.14897357341087e-4,1.13852338690905e-4,1.10521876464653e-4,2.27428625527244e-4,1.62899231771355e-4,1.44261983726959e-4,1.70674365405751e-4,2.59292581423074e-4,2.0266721081615e-4
"GPSer(20:4(5E,8E,11E,14E)/21:0)",1.27765913794103e-4,2.46193167100248e-4,2.30676729493545e-4,2.15104921691166e-4,2.12665038585781e-4,2.22765689544847e-4,2.16330145898154e-4,1.57424840632977e-4,1.20653502233647e-4,1.52898053730355e-4,2.04341709330165e-4,1.58648383604648e-4
GPSer(21:0/16:1(7Z)),2.74606450313472e-5,4.47949667708252e-5,4.05410302660759e-5,3.97361015218662e-5,4.12792669862092e-5,4.40022877836402e-5,1.4112990377206e-4,1.14946035439211e-4,7.38595623314111e-5,1.27761071189526e-4,1.09348390972271e-4,8.83055367819905e-5
"GPSer(21:0/18:3(9Z,12Z,15Z))",4.25485804839448e-5,6.7937187391446e-5,6.67097771877092e-5,4.43092202169858e-5,4.00506043291761e-5,6.0954923658136e-5,1.4262206706665e-4,9.26013357092587e-5,7.88391512335382e-5,9.8525617037432e-5,1.57811292234392e-4,1.14235501616716e-4
"GPSer(21:0/20:4(5Z,8Z,11Z,14Z))",9.07903263119962e-5,1.95424104032864e-4,1.74804240567211e-4,1.52045032591008e-4,1.28615657268132e-4,1.73993858497946e-4,2.52235564472211e-4,1.87901240458685e-4,1.39282640695882e-4,1.92814932936768e-4,1.72522740305263e-4,1.94574629256919e-4
"GPSer(22:0/18:2(9Z,12Z))",1.0678685632866e-5,3.17469656925199e-5,3.19493327705811e-5,2.9056849272851e-5,2.82851111010658e-5,2.64712182933525e-5,1.2684235593859e-5,9.67072038371207e-6,8.24897347911353e-6,1.15521626821072e-5,1.16805669678991e-5,1.41604861401157e-5
"GPSer(22:0/20:5(5Z,8Z,11Z,14Z,17Z))",3.14270022595831e-5,5.83500306655115e-5,5.57819835979932e-5,5.92755720584327e-5,5.14071465131378e-5,5.09004021061111e-5,1.42796198829883e-4,9.82620977300328e-5,8.8417215430839e-5,1.07451536029231e-4,1.40349955576216e-4,1.31975715804493e-4
GPSer(22:1(13Z)/16:1(7Z)),7.60955681614162e-6,1.01539177025365e-5,1.29903453138904e-5,1.38737753828583e-5,1.04032368987082e-5,9.78908883347068e-6,1.41028144302898e-5,1.14055960155536e-5,1.14625132461677e-5,1.109452936585e-5,2.01368852005804e-5,1.1169927391152e-5
"GPSer(23:0/18:3(6Z,9Z,12Z))",2.72311384081975e-5,4.61706410814934e-5,5.00342845978548e-5,5.6139079018388e-5,5.29904821295916e-5,4.78201020596554e-5,4.90375956323602e-5,3.71904498956263e-5,3.40911504233673e-5,3.64888280445278e-5,5.01998704502437e-5,3.80975216641114e-5
"GPSer(23:0/18:4(6Z,9Z,12Z,15Z))",7.88314308068046e-5,1.3977301568035e-4,1.4522444554845e-4,1.35517979673866e-4,1.29329467967438e-4,1.35135647392221e-4,1.48333600084243e-4,1.07031606486333e-4,8.35506595208401e-5,1.04171365776774e-4,1.54165342171194e-4,1.25252214314285e-4
"GPSer(20:0/20:3(8Z,11Z,14Z))",2.79098587819534e-5,6.24053547047006e-5,6.50835061164668e-5,6.62392196663778e-5,6.30999160729983e-5,6.5388171920060807e-05,2.33772528941671e-5,1.59331438314451e-5,8.8275376489761e-6,1.57904007612204e-5,2.823847877019e-5,1.90533536178339e-5
LPC(15:0/0:0),5.93716230945724e-5,3.57717372053738e-5,2.39987591951458e-5,3.21887751606099e-5,4.41184491177785e-5,3.88641971530849e-5,1.53337347893129e-4,3.42824872391766e-5,6.80522619648292e-5,2.30623009338643e-4,9.18364197645227e-5,1.28432926862824e-4
LPC(15:1(9Z)/0:0),1.31816786151366e-5,9.13000729612875e-6,6.75538474954876e-6,7.48266750916139e-6,7.34668239697564e-6,1.26671042036398e-5,1.34796463721762e-5,2.89812845512173e-6,4.01541895875009e-6,1.80709842730844e-5,8.85328000304796e-6,1.29060755609512e-5
LPC(16:0/0:0),5.69201109382597e-5,4.17030893905847e-5,2.07367136171402e-5,2.47977584433778e-5,3.31065376708626e-5,2.22778438372546e-5,1.34645322031634e-5,4.01199814135073e-6,9.00078216014229e-6,2.1786124000481e-5,7.87298345632301e-6,1.28587595752458e-5
LPC(16:1(11Z)/0:0),3.20697212055085e-5,1.32351710024229e-5,1.08344288015672e-5,7.09417814209598e-6,1.6777583483573e-5,2.26538463569563e-5,9.3895846118822e-6,7.22860529899496e-6,1.12795393542324e-5,6.81719781550333e-6,8.83626243499957e-6,6.96966895742268e-6
LPC(16:1(7Z)/0:0),1.48796969526517e-5,4.1250584898481e-6,2.76748117679456e-6,4.89040975555182e-6,6.89834243792515e-6,7.22134602668249e-6,2.37044250041003e-5,5.7430364807052e-6,1.56173186179356e-5,3.89418950452825e-5,1.97780597106948e-5,3.03283683623234e-5
LPC(17:0/0:0),2.45530227134307e-4,1.94396520273585e-4,1.59718641243331e-4,1.93869262137501e-4,2.16535312417438e-4,1.73183371724468e-4,1.84842200692847e-4,4.24604344470476e-5,6.44036643037134e-5,2.3756360786805e-4,9.40490038491928e-5,1.34341971081625e-4
LPC(17:1(9Z)/0:0),1.34385311654976e-4,8.85272922782486e-5,6.86383279306416e-5,1.07739139242181e-4,1.20364231304943e-4,9.31264662888586e-5,9.71197125028535e-5,2.33049634807676e-5,4.27126256260573e-5,1.63070290702239e-4,5.14517902031303e-5,8.4671175058528e-5
LPC(18:0/0:0),4.87797150399686e-5,6.28360048786609e-5,4.19952954201726e-5,4.59956846061083e-5,6.35355809247035e-5,6.48401555240953e-5,3.72935748060196e-5,5.77553509126713e-6,1.81792202509066e-5,4.49896464554246e-5,2.15659754619104e-5,3.45889649334989e-5
LPC(18:1(9E)/0:0),0.00150432774794119,0.0010317043744032,0.00113735091140146,0.00123774771827664,0.00130687100100917,0.00110007303271685,0.00178872807499252,9.59419718691758e-4,0.00139066951059897,0.00266202079041134,0.00106772465743609,0.00157501531291536
LPC(18:1(9Z)/0:0),4.83728704707453e-5,1.95025605347287e-5,1.56787319222986e-5,1.39939506389321e-5,1.3553042125177e-5,1.89166324868111e-5,4.77822776157758e-5,1.60254317450039e-5,2.46521171342742e-5,7.2464938136192e-5,3.37593454016659e-5,2.44704365016081e-5
"LPC(18:2(9Z,12Z)/0:0)",1.13345126572502e-5,3.00013009141993e-6,2.78977798560825e-6,8.47050575274976e-6,9.33272077322416e-6,5.78381105685085e-6,1.42159720137713e-5,3.72111989997867e-6,6.90520774949011e-6,1.7803119246868e-5,7.5851176991414e-6,1.30513756197037e-5
"LPC(20:2(5Z,8Z)/0:0)",2.83504754977753e-5,1.55242062122126e-5,1.00951109665299e-5,1.03826968957809e-5,1.27597977912636e-5,1.54903259543148e-5,5.26966712757104e-5,9.4409812900957e-6,1.7109257184596e-5,6.25633246575272e-5,2.914895857723e-5,3.80582304635387e-5
"LPC(20:3(8Z,11Z,14Z)/0:0)",2.5195481310573e-5,6.93808956790057e-6,9.33248983519968e-6,3.03646601728804e-5,2.52220728235086e-5,1.10220761005461e-5,6.38616517380339e-6,1.11795493043992e-6,2.43681495136879e-6,1.31539603225952e-5,3.12556458816095e-6,5.87103543289875e-6
"LPC(20:4(5E,8E,11E,14E)/0:0)",1.71736823868599e-4,1.1386439689212e-4,8.86452625436833e-5,1.00667986817446e-4,1.15836452898727e-4,1.33880600005469e-4,1.21746213254633e-4,3.06080475144942e-5,5.76434225324388e-5,1.32003630107273e-4,8.54690315955844e-5,9.454875032855e-5
"LPC(20:4(5Z,8Z,11Z,14Z)/0:0)",3.93487470914877e-5,2.04242237027385e-5,2.11064309333872e-5,4.23672993324553e-5,3.99784447768636e-5,2.94219806840393e-5,1.94131994667592e-5,5.87460643537972e-6,1.11956376786739e-5,2.04790758388235e-5,1.31143419772617e-5,2.11603920472433e-5
"LPC(20:5(5Z,8Z,11Z,14Z,17Z)/0:0)",7.94686419138267e-4,4.72199057444253e-4,4.24178694643213e-4,4.03303481758357e-4,4.49182471443683e-4,5.85381027388262e-4,7.00607481342119e-4,2.87518024104103e-4,4.81443478929158e-4,7.18331110064214e-4,5.26032750406039e-4,6.19020963164965e-4
LPE(16:0/0:0),4.31338548187268e-5,3.53677876877319e-5,2.44278586853678e-5,2.0290796329921e-5,4.23619705985116e-5,7.21559613194813e-5,1.93326278128137e-5,2.53814130195669e-5,1.6699219241752e-5,1.60238253393617e-5,2.62394110476669e-5,3.25321439053417e-5
LPE(17:0/0:0),1.41983321851036e-4,1.59037511852893e-4,1.3963464389352e-4,9.27027505562827e-5,1.03374353627932e-4,1.5217157579777e-4,1.61323979648168e-4,1.61434293333164e-4,1.10144011132876e-4,9.92376491768813e-5,2.20129440269217e-4,1.2204094058375e-4
LPE(18:0/0:0),0.00109258571570739,7.53962472410077e-4,8.22309088553514e-4,7.5182136168214e-4,8.79576544831315e-4,9.17593611381069e-4,6.52237060857263e-4,6.13619073216433e-4,5.18907370752412e-4,5.46313617494743e-4,5.89733775017713e-4,5.49572420637184e-4
LPE(18:1(11E)/0:0),4.38360596444341e-5,7.45281382057581e-5,5.42571049926773e-5,2.3814642552048e-5,2.32913464727209e-5,9.07845606123103e-5,7.69623441305259e-5,8.24905101191468e-5,4.25915126898297e-5,4.5956375621688e-5,9.02117436910001e-5,6.03793561783549e-5
LPE(18:1(11Z)/0:0),1.46451250865486e-4,1.37014227264041e-4,1.37258029546003e-4,1.24372948228248e-4,1.25038128783341e-4,1.6194917158158e-4,2.32513375517123e-4,2.40123211317638e-4,1.77578849240084e-4,2.04584112687774e-4,2.186602574117e-4,1.82126225181167e-4
LPE(20:1(11Z)/0:0),1.26276434546116e-5,1.40451334001864e-5,9.18364192243225e-6,8.39520639907489e-6,9.3809746585664e-6,1.18466023121244e-5,1.19094467245221e-5,1.41349925685183e-5,7.6033878343057e-6,8.82691803554869e-6,1.29809508076975e-5,9.63516892641801e-6
LPE(22:1(13Z)/0:0),5.11015426463867e-5,2.94754238989768e-5,2.59233586660933e-5,4.42787453225157e-5,4.21765219041005e-5,3.34334870674522e-5,6.97853158429041e-5,1.9084651231784e-5,3.27023977985484e-5,1.27120901224429e-4,3.64820225013332e-5,7.15358738597378e-5
"LPE(22:5(7Z,10Z,13Z,16Z,19Z)/0:0)",8.67680774890533e-6,7.06003778871746e-6,5.54528572131385e-6,6.25778245825275e-6,7.8428956819413e-6,5.56215283101993e-6,7.59233297251982e-6,8.71214768601138e-6,6.65691875001903e-6,8.63356824830212e-6,6.66965397616419e-6,6.83957766504359e-6
LPE(P-18:0/0:0),0.00123454269126569,8.79949993143875e-4,0.0012156471076758,0.00114804925009852,0.00126902291923132,0.00115595307487392,0.00105489211200188,0.00101621420539709,0.00101220790058378,0.00105994479251248,8.90005304361217e-4,9.98329669969685e-4
MG(16:0/0:0/0:0)[rac],3.17917770622855e-5,2.89197674753454e-5,3.45761690391016e-5,5.2156474043959e-5,4.32649737242664e-5,3.49471510726248e-5,3.84861506786885e-5,4.69352605407628e-5,5.08415033217982e-5,3.67511232848204e-5,2.2718217886738e-5,2.74542189946447e-5
NAE16:0,9.80457514870472e-6,1.5412549307286e-5,1.88892845735984e-5,9.48507283861354e-6,1.2437510668759e-5,1.30940126742667e-5,1.64248109351734e-5,2.4734989524794e-5,1.91288677281288e-5,1.48797628843707e-5,1.03835538864493e-5,1.39635729353358e-5
NAE16:0_C,0.0116782460953025,0.0125392902138267,0.0158684895895481,0.00767675604928184,0.00879411043657337,0.0104084790832637,0.011315310156243,0.0151772782704696,0.0170526337845088,0.0147278467602267,0.0113912516139703,0.0112818734226597
NAE16:1,2.9877186171949e-4,5.11021197459198e-4,6.33449863152392e-4,3.11926233429022e-5,4.27018803382863e-5,2.01953020031919e-4,2.90783423496381e-4,2.04291793931333e-4,3.60689820707458e-4,6.51231538813192e-4,1.53995739674216e-4,2.38460355215655e-4
NAE18:0_C,0.00473513178332001,0.00658374468587638,0.00800596877433097,0.00579958354620623,0.00753581133895607,0.00705336238005124,0.0060900787707737,0.00791810099109101,0.0091275717824279,0.00775597460222236,0.00629455422148652,0.00615874071412645
NAE18:1(9Z),2.28306881951701e-4,1.36662978264908e-4,1.25787773498583e-4,1.56453665985996e-5,2.59668758283155e-5,2.08783356924865e-4,1.6896965021343e-4,1.5128869096183e-4,2.39759441600791e-4,1.54397585208972e-4,1.83368172219707e-4,1.61190480246604e-4
NAE18:1_C,0.00213177462108259,0.00197329647602866,0.00236486438905363,0.00179989153613034,0.00229190845883371,0.00192268697690013,0.00174389830175049,0.00289956621617344,0.00284696843753709,0.00219871529169163,0.0017095907716556,0.00173841207909756
"NAE18:2(9,12)_C",0.00065259846134022405,3.86704402013431e-4,4.2277490835965e-4,1.36394181039854e-4,1.46825378055567e-4,5.41792842125824e-4,3.60085721548228e-4,5.42741914917805e-4,7.26685257068459e-4,4.24777947812232e-4,4.75450037851274e-4,4.70102408809771e-4
NAE18:2(n-6),1.96479055886912e-5,2.32873131701113e-6,9.58551012830024e-6,0,0,1.92528774051086e-5,1.18966347753627e-5,1.44850655594175e-5,2.21567202897782e-5,5.65961615249242e-6,1.72446705519676e-5,1.59840168916993e-5
NAE22:1(13E)_C,0.00125944400376992,0.0031292829823984,7.40752042191265e-4,1.7721217766243e-4,1.42593320827581e-4,0.00130119157709761,5.06313962473474e-4,6.75413131021226e-4,0.00360184997903187,9.19486650562211e-4,5.29099640456974e-4,0.00116774024283922
PA(18:0/0:0),4.24927661568206e-5,3.64518908405541e-5,4.08507604025874e-5,7.27795268374493e-6,1.13531702723947e-5,1.75711838036489e-5,1.84439340083537e-5,5.97125358552757e-6,3.21772101270512e-6,3.78485652975219e-6,2.95399839689115e-5,6.40404952935429e-6
PA(18:1/0:0),1.6828514491061e-5,1.93458415156007e-5,2.22102870801366e-5,9.91781824324617e-6,1.39463046025779e-5,1.64196381381379e-5,1.61395750648757e-5,2.18889706852896e-5,9.39759196607146e-6,1.65654767810334e-5,1.52814140581114e-5,1.04123777881753e-5
PC(16:0/16:0),2.33753898108015e-4,4.27773293666711e-4,2.95987133439383e-4,4.25675824728046e-4,3.25146217440217e-4,4.24775705666908e-4,3.12777735868197e-4,1.65399807453949e-4,1.22749193554559e-4,2.81628342764743e-4,2.64999397341673e-4,2.82287001429923e-4
"PC(17:1(9Z)/20:4(5Z,8Z,11Z,14Z))",0.0557965190234124,0.0991966630275649,0.100626189131768,0.122044154798992,0.108958216797534,0.141854275991848,0.0775456849320482,0.0555347814252532,0.0609106247158557,0.0623884303958549,0.0782555034795031,0.0823094043561034
"PC(20:5(5Z,8Z,11Z,14Z,17Z)/20:5(5Z,8Z,11Z,14Z,17Z))",0.037789578704305,0.0646733598810025,0.0579413448370032,0.0677664244268639,0.0581074982213559,0.0819366932751653,0.0746706339569045,0.0492225899925294,0.0498221577419414,0.0547507794982915,0.0710967507945991,0.0721783813060556
PC(P-16:0/14:0),7.20494281408599e-6,4.1406912559234e-6,3.63041209620891e-6,3.47173688489768e-6,2.81784712729871e-6,3.44917285075746e-6,2.85427180905192e-5,8.59972495412404e-6,8.8052623711437e-6,2.42378802645344e-5,1.51896744215424e-5,1.63795354880527e-5
PC(P-16:0/15:0),4.5499964940921e-5,4.05492045234437e-5,3.05639838140372e-5,3.33030882731691e-5,3.44240073273026e-5,4.41560340632264e-5,6.79440490990367e-5,4.54037406434981e-5,5.31127869134281e-5,8.05665962163081e-5,5.37778049046924e-5,7.60222676881032e-5
PC(P-16:0/15:1(9Z)),8.38350060940627e-6,7.6617952021098e-6,7.01403438740494e-6,5.5605499905782e-6,4.82520885101075e-6,6.24202591085999e-6,4.47983926670004e-5,2.22378686451756e-5,2.80100805815133e-5,4.28483572269131e-5,2.89577762878545e-5,3.61404027970616e-5
PC(P-16:0/16:1(7Z)),2.81250086655574e-5,2.87301461921125e-5,2.37407638206893e-5,2.50729001548041e-5,2.26451194189924e-5,2.03234439702114e-5,2.63956935461937e-5,1.12612407423436e-5,9.49501969008544e-6,2.85026301422371e-5,1.73979376119427e-5,2.01512150348217e-5
PC(P-16:0/17:1(9Z)),1.2345111431784e-4,1.62393543279208e-4,1.40296965371682e-4,1.59397489398464e-4,1.49665878328203e-4,1.46588743820159e-4,5.2115637493213e-5,3.89528862539802e-5,3.79052422503019e-5,6.06779239478084e-5,3.89028158102765e-5,5.10748268728008e-5
PC(P-16:0/18:0),1.10448010228429e-5,1.56507378889053e-5,1.048605505214e-5,1.26858044239468e-5,8.05764849335928e-6,1.15445145240823e-5,7.94803841215805e-6,1.78746353166456e-6,1.78487971383697e-6,8.66173958590124e-6,2.33639476377553e-6,5.35879586618258e-6
PC(P-16:0/18:1(9E)),6.05294972700634e-5,5.35534983944272e-5,4.0634721308948e-5,4.21721808394566e-5,3.1176552144247e-5,4.32864933257461e-5,5.71337165073289e-5,1.26158098173377e-5,1.83201756999267e-5,4.58499628853642e-5,2.7282254984303e-5,3.76953374001871e-5
PC(P-16:0/18:1(9Z)),8.48970684202364e-5,9.06132840625855e-5,7.94502470789377e-5,8.97897078238376e-5,8.66730909499768e-5,7.80480938956207e-5,1.21286186557783e-4,8.68100923772105e-5,7.56555391180325e-5,1.40824359217869e-4,8.65821856253773e-5,1.08385341342646e-4
"PC(P-16:0/18:2(9Z,12Z))",1.84821274185498e-5,1.33515360271997e-5,1.28836493148291e-5,1.2339590277531e-5,1.00526511657719e-5,1.12311896417166e-5,3.68248179283033e-5,1.06767605609155e-5,1.16865699837463e-5,3.18400093827498e-5,2.00285418898374e-5,2.40233438552815e-5
PC(P-16:0/20:0),1.33978626465038e-4,8.27172923474739e-5,6.82733488777768e-5,7.58954535598529e-5,6.11214772566851e-5,6.8674091322897e-5,9.51941223546674e-5,4.92528201863468e-5,4.51301854645752e-5,8.67450653293665e-5,6.5372338307441e-5,7.89338180946671e-5
PC(P-18:0/15:0),0.00101190859630511,7.7158272422452e-4,0.00106171435367994,0.00115387218781568,0.00111950713403887,9.81742497914373e-4,9.10566945208138e-4,8.25038743295819e-4,7.61728832920813e-4,0.00110626809635441,8.05809973242566e-4,6.84812781978444e-4
PC(P-18:0/15:1(9Z)),0.00195544402230934,0.00216701956221864,0.00204551773453588,0.00184545657049809,0.00191569350652525,0.0019706048284484,0.00226314842949321,0.00189221935618058,0.00205496217817814,0.00241203708946379,0.00166118957076532,0.00214268781917394
PC(P-18:0/16:0),1.96146990102891e-5,1.98209662935663e-5,1.41811392374235e-5,1.45985303779953e-5,9.63536648507601e-6,1.67644074146032e-5,1.8949702788041e-5,3.52714051243128e-6,4.85715394330322e-6,1.75829878945182e-5,7.98910196245661e-6,1.14255831606297e-5
PC(P-18:0/17:1(9Z)),2.8393670314038e-4,2.7124225597281e-4,2.8819909528654e-4,2.66538784641252e-4,2.32157355666747e-4,3.0155744285236e-4,1.67084841660119e-4,6.67926925033509e-5,6.23844439863085e-5,1.49660420159042e-4,1.0840103047921e-4,1.33738424011957e-4
"PC(P-18:0/17:2(9Z,12Z))",2.39492219533524e-5,3.12950765692083e-5,2.20046283481359e-5,1.97298965195642e-5,1.82274026277668e-5,2.61611442228339e-5,3.48488336227159e-5,9.31512407314503e-6,1.15339259594676e-5,3.21366719328471e-5,1.69306719836992e-5,2.1554587403058e-5
PC(P-18:0/18:1(4E)),0.00216017679011497,0.00219594923120855,0.00232471650414368,0.00219059361475274,0.00215575675299012,0.001857712508253,0.00186786482534137,0.00137388750481715,0.00132625621250378,0.00188661054037667,0.00144135305814549,0.00170684064966048
PC(P-18:0/18:1(9Z)),5.01149753305686e-5,2.30076150827811e-5,2.04136572109749e-5,2.57997607805931e-5,1.92524559004018e-5,2.24442222955704e-5,2.20449642514987e-5,1.29059692053558e-5,9.56474262095189e-6,1.94885356516929e-5,1.39862673529041e-5,1.91450090301521e-5
"PC(P-18:0/20:4(7E,10E,13E,16E))",2.0047321595371e-5,1.02778140889191e-5,1.01760953666312e-5,8.82979424296239e-6,9.01995518684282e-6,6.3050929870514e-6,1.12408329407995e-5,5.98139584972147e-6,5.58234333586541e-6,1.24078395730733e-5,6.37153593022129e-6,7.92565932302881e-6
PC(P-20:0/17:1(9Z)),3.36349504842196e-4,3.41646678323828e-4,3.06169488256382e-4,3.3191790833244e-4,2.76343806692182e-4,3.16219813792373e-4,2.31401932646338e-4,1.14603862876248e-4,1.10900235009552e-4,2.13614930378982e-4,1.52310715233427e-4,1.97488825852756e-4
PC(P-20:0/18:1(9Z)),8.45793900866584e-4,9.86637646775857e-4,8.80572192930154e-4,9.19178442997146e-4,8.26480046291261e-4,9.09238726850838e-4,7.88180172933145e-4,4.47729802633445e-4,4.59020900926144e-4,7.5765777530185e-4,5.54514084709129e-4,6.94899183151766e-4
PC(P-20:0/19:1(9Z)),1.62965644589115e-4,1.76203384379649e-4,1.15703936248763e-4,1.4116576527337e-4,1.03425827841375e-4,1.42812490569261e-4,1.19816657892967e-4,3.91144654988833e-5,3.93810735996088e-5,1.00342306215331e-4,6.73712829537454e-5,9.51240262923178e-5
PC(P-20:0/20:1(11Z)),8.94543276721646e-6,1.05505764759673e-5,8.58087145938562e-6,1.21204324054506e-5,8.11705341654599e-6,1.44987931697014e-5,9.89717894627641e-6,1.71550744169779e-6,2.57235946023682e-6,8.26457281235312e-6,4.34124252789521e-6,7.27686862276015e-6
PE(16:0/19:1(9Z)),3.56054615934474e-4,3.92810447646704e-4,4.96045619582114e-4,6.31294679496486e-4,6.04733527763838e-4,6.0684834390102e-4,4.64134686219022e-4,4.14139350540805e-4,4.80229622944044e-4,4.84910357116876e-4,3.5128455884526e-4,5.82372713507919e-4
PE(18:0/15:0),8.88344430222551e-6,8.86252733149883e-6,6.44766477745357e-6,1.10363502592281e-5,1.06654736618434e-5,9.37142482166319e-6,1.89578529204952e-5,1.63881083605536e-5,2.54500929302645e-5,2.80248980297165e-5,1.70079949767943e-5,2.30367798739438e-5
PE(18:0/19:1(9Z)),3.79872916115418e-5,3.33432747432195e-5,4.1728895026818e-5,1.21031617745704e-4,8.9377119185088e-5,8.50636127017813e-5,6.01773375251367e-5,6.33235185237854e-5,8.04329996807601e-5,6.3838583069262e-5,3.74473107690153e-5,8.01548204313234e-5
"PE(18:0/20:5(5Z,8Z,11Z,14Z,17Z))",1.18863082054681e-4,1.81925340525312e-4,1.46976890409436e-4,1.90741149159367e-4,1.93949215338605e-4,2.00574266224025e-4,1.3447475276491e-4,8.59892872787775e-5,9.41569147628767e-5,1.04308592791817e-4,1.220880862875e-4,1.46809432902364e-4
"PE(18:2(9Z,12Z)/17:0)",2.2769443487128e-4,3.22346900128089e-4,2.86860417836401e-4,4.15850733857304e-4,3.40477667448244e-4,4.38291552756326e-4,4.31475393282204e-4,2.9805803996286e-4,3.52392470948579e-4,3.53700712644214e-4,4.52318533606429e-4,5.44912049000547e-4
PE(19:1(9Z)/18:1(9Z)),8.95756556451782e-5,1.39114145433793e-4,1.22522487060069e-4,1.81069981489683e-4,1.60959576227352e-4,1.72567283798676e-4,2.94974194811619e-4,2.59942550634722e-4,3.07014161750655e-4,3.68021589856445e-4,2.34007180630681e-4,3.91839401086791e-4
PE(P-16:0/17:0),2.50165720672694e-5,6.02989118048562e-5,1.20447192733554e-5,1.87486000602856e-5,2.81736767298678e-5,2.19013354562979e-5,7.95112383169115e-5,1.69278442270336e-5,2.51053114529836e-5,4.03809336417993e-5,5.52193404799497e-5,3.62668631312145e-5
PE(P-16:0/18:0),0.00139090185774381,0.00245158259348569,0.00128495125005168,0.00148740904577152,0.00151246983413024,0.00180573806705793,0.00251704192339239,0.00147442979208911,0.00115894714531322,0.00205191979842392,0.00255722343165846,0.0020131113490655
"PE(P-16:0/20:3(5Z,8Z,11Z))",2.58031061218415e-4,3.75991455412706e-4,2.37416801693624e-4,1.68230757235674e-4,1.99047814269837e-4,3.04180316944412e-4,2.47481669926415e-4,1.20754197137118e-4,1.05424136395776e-4,1.90047538327648e-4,1.88147750282678e-4,1.87475441543408e-4
PE(P-18:0/15:0),4.55565235052986e-4,5.00159688290187e-4,2.74905845720247e-4,4.89140994609829e-4,3.95039600763225e-4,5.31965045537912e-4,0.00116080928174735,6.52303946864415e-4,6.81583340214834e-4,7.03408663911953e-4,0.0017333087443974,0.00121762080906493
PE(P-18:0/16:1(9Z)),8.68069761518273e-4,0.00127140410902285,7.55207022457288e-4,6.89516863369223e-4,6.96579766692133e-4,9.38509506117346e-4,0.00294719670688126,0.00165447437598157,0.00097719514906462711,0.00181007444284409,0.00255530868662269,0.00185052920777028
PE(P-18:0/17:0),5.08778401851818e-4,6.45315945534738e-4,4.95678821523264e-4,6.51393962851065e-4,5.678404698272e-4,6.73700314500561e-4,6.70723399031433e-4,5.031063440987e-4,3.55443984355726e-4,5.96913661190878e-4,8.72205982330767e-4,6.93012743099727e-4
PE(P-18:0/17:1(9Z)),0.00104586458365329,0.00163921533517367,0.0011824936260784,0.00163740631341853,0.00144018157802807,0.00148222886369313,0.00202659023906456,0.0016568007909464,0.00101090557091982,0.00197551931575196,0.0032552586109586,0.00211934818780457
"PE(P-18:0/17:2(9Z,12Z))",5.21305103005712e-5,5.06288516509964e-5,3.64907178687561e-5,3.71425883744255e-5,5.56072164617072e-5,4.99732962268871e-5,1.74065823141912e-4,1.17074860276368e-4,6.96256590846459e-5,1.28939235834538e-4,2.77625159837984e-4,1.61931772674599e-4
PE(P-18:0/18:0),0.0137298732146704,0.0182157451528729,0.0155580153029097,0.0164136546854964,0.0150674295427751,0.0182852471096632,0.014501408189329,0.0122257255889449,0.0102796401931515,0.0121152387966332,0.0133587989927888,0.0143027513941302
PE(P-18:0/18:1(11E)),0.0398423507572871,0.0509506434848938,0.0444973998855682,0.0505210911709518,0.0459222320446651,0.0507322311881201,0.0444924832626287,0.0378465442003627,0.0341840389703533,0.0391669917012939,0.0507598949182601,0.0446093492934401
"PE(P-18:0/18:2(6Z,9Z))",0.0138049738629459,0.0193288355304059,0.0125698943719924,0.0150229242375027,0.0148637763883854,0.0158537523623151,0.0113577179976681,0.00829737809454571,0.00762584774278811,0.0105867785185394,0.0153687799917197,0.011355245837195
"PE(P-18:0/18:2(9E,10E))",0.00874776338169213,0.00863268815342455,0.00606310366765808,0.00674914880669979,0.00734212010131734,0.00703019292153748,0.0123094675109588,0.00720708229813291,0.00921726430045117,0.0117416418830005,0.0128689731122768,0.0112179487159836
PE(P-18:0/19:0),2.06417180493034e-4,2.33613185821872e-4,1.99963828884713e-4,2.88349181526376e-4,2.63140204596587e-4,2.96857310853972e-4,1.6609672940508e-4,1.62325280063295e-4,1.4372189436342e-4,1.58638641789782e-4,1.66353811714347e-4,1.94481205715726e-4
PE(P-18:0/19:1(9Z)),6.74427002091339e-4,7.34192305599082e-4,5.95316614742959e-4,9.87326406736997e-4,7.85361053915074e-4,9.6075156210557e-4,5.63346417811542e-4,5.2611736733379e-4,3.84264452989843e-4,5.58112262288727e-4,6.9531044354094e-4,6.75383980024805e-4
PE(P-18:0/20:1(11Z)),5.7266067274916e-5,6.89655778011897e-5,5.7100441810865e-5,1.19928646984502e-4,6.89401901399589e-5,1.18658455749145e-4,4.64869247226243e-5,5.38202716991943e-5,5.29713027839684e-5,6.53966801390639e-5,5.51245313337373e-5,7.25226389978747e-5
"PE(P-18:0/20:2(5Z,8Z))",5.98321218395204e-4,7.77837301269021e-4,5.8085277824198e-4,8.70888522905702e-4,7.04592845000552e-4,8.89661867967843e-4,4.3149084627268e-4,3.40037110893888e-4,2.6888151008187e-4,3.16923868212094e-4,5.05569240437566e-4,4.69019185214381e-4
"PE(P-18:0/20:3(5Z,8Z,11Z))",0.00198678433771954,0.00424446771831474,0.00279889666820217,0.00428011477037513,0.00389169697619485,0.00425181633316241,0.00191949678118433,0.00139241332090651,9.11928771509999e-4,0.00169541534408324,0.00276567874866899,0.00202257943379515
"PE(P-18:0/20:4(5E,8E,11E,14E))",0.00282352452734593,0.00661762202342538,0.00374299022563223,0.00481074230911788,0.00484826721138085,0.0049656729847961,0.00279937802590221,0.00182208091390048,0.00133817063517942,0.00233103755131621,0.00345732457115852,0.00259193323936504
"PE(P-18:0/20:5(5Z,8Z,11Z,14Z,17Z))",0.00618355431133948,0.0103744888289663,0.00605611812335975,0.00766980468133235,0.0079638292689159,0.00759468023302695,0.00766985890208342,0.0043689883765757,0.00390824992065879,0.00544107749040782,0.0100069880049711,0.00639000803592236
PE(P-20:0/15:1(9Z)),3.08110050635769e-4,3.75297236666911e-4,2.69557315769823e-4,2.48572331418125e-4,2.98163559495102e-4,2.96674904137406e-4,5.594945579512e-4,4.6124969449813e-4,3.82499804614702e-4,5.79509448962047e-4,7.70506174681279e-4,5.92156795784496e-4
PE(P-20:0/17:1(9Z)),0.00125705564846396,0.00175435343921786,0.00149439668796788,0.00175325020348565,0.00166707704096673,0.00164456816135818,0.00125229026027169,0.00106279251708006,8.50088599443575e-4,0.00105392260703204,0.00154076943521376,0.00139222841269325
"PE(P-20:0/17:2(9Z,12Z))",6.03685081810329e-4,7.63896773370869e-4,6.09431461129966e-4,6.94988238664884e-4,6.84697106613829e-4,6.83085698169118e-4,4.72341670985957e-4,3.90654489268019e-4,2.96895799305111e-4,4.17273506020267e-4,7.15586396741633e-4,5.39838756742562e-4
PE(P-20:0/18:1(11Z)),1.51521368976161e-4,2.58004899226729e-4,1.5863539710656e-4,2.22953783873019e-4,2.19987201757772e-4,2.30171565218873e-4,9.17117546887945e-5,5.75391420985953e-5,4.04753508588284e-5,5.21203324077513e-5,7.59422789663039e-5,8.16307266495084e-5
"PE(P-20:0/18:2(6Z,9Z))",1.56698217575223e-4,3.52489539982484e-4,2.33374775681299e-4,2.75175192306008e-4,2.74378460920586e-4,2.86214270155997e-4,7.99405165119623e-5,3.1740785055309e-5,3.37097610196103e-5,5.12446916129385e-5,6.9269949255573e-5,5.87743536958924e-5
"PE(P-20:0/18:3(6Z,9Z,12Z))",4.23839488276317e-4,8.77321859650525e-4,5.06286372889875e-4,6.1736904106774e-4,6.87980394265918e-4,6.38971808922266e-4,2.44823114379104e-4,1.94193753085847e-4,1.70315061467944e-4,2.39037304322055e-4,3.18149164516482e-4,2.64083878858453e-4
PE(P-20:0/20:1(13Z)),0.00295585753070455,0.00288480722196431,0.00168564379171575,0.00213305147533609,0.00186354031699943,0.00195780322143515,0.00155070318068416,5.38070172630713e-4,6.07806780280244e-4,0.00118622601881727,0.00129730823278802,0.00130610075298581
"GPGro(16:0/20:5(5Z,8Z,11Z,14Z,17Z))",1.86855970360885e-4,0,0,0,0,6.48592729843323e-6,1.90774501049133e-5,2.73627821389798e-4,0,2.03210812800398e-5,3.10117673109423e-5,0
SM(d15:0/24:1(15Z)),0.00102850619733614,9.82047720178435e-4,0.00108636478679288,0.00103948388939409,0.00107417846994527,0.00103295937968615,0.00107993196063169,7.27594051034165e-4,7.43615139240777e-4,0.00102907031254059,7.51983117154972e-4,9.69336401969072e-4
SM(d15:0/26:1(17Z)),7.94075039015105e-4,7.49249136122622e-4,8.67594051575761e-4,9.18227825671718e-4,8.53457104775692e-4,9.86835263651334e-4,5.05818236283688e-4,2.00368041310747e-4,2.2205997057045e-4,4.7685880748147e-4,3.16319998119769e-4,4.64425683791987e-4
SM(d16:0/26:1(17Z)),2.4175412611476498e-05,1.91418308884754e-5,1.46396833647627e-5,1.38596274256857e-5,1.20574646942704e-5,1.46886042199517e-5,6.32304859438847e-6,5.25280813032037e-7,0,3.53849432727498e-6,2.13688650147225e-6,3.84840415759446e-6
SM(d18:1(4E)/20:0),2.6263510960912e-4,2.08416378995128e-4,2.2511997435541e-4,2.02382280114564e-4,1.99820115941925e-4,2.00641843013469e-4,1.09319710850257e-4,3.75335168303751e-5,5.04491744177931e-5,9.29429093009358e-5,7.08105107259435e-5,9.34625295442802e-5
SM(d18:1(4E)/22:0),1.83711750601086e-4,1.5756148406975e-4,1.49071061172028e-4,1.42490004843559e-4,1.39002724069057e-4,1.56681310838915e-4,6.85426287529693e-5,2.96175398227489e-5,2.74967601009602e-5,5.6958304964731e-5,4.10533420842332e-5,5.61969350021409e-5
SM(d18:1/19:0),9.19223860607072e-6,7.1453665777123e-6,1.0090380842259e-5,1.04364463651661e-5,7.75431596459412e-6,9.86325408699004e-6,5.79905485280973e-6,5.42249934422969e-6,4.5216803497793e-6,7.11764594140649e-6,2.98646151593029e-6,7.30409842277232e-6
SM(d18:1/20:0),6.08152144106742e-5,5.39825646120799e-5,6.05206672651117e-5,1.01643290930386e-4,6.59938571629185e-5,8.85683850980314e-5,4.67430434566283e-5,5.27680000288794e-5,3.92012507046384e-5,5.519811029959e-5,2.5994550642652e-5,4.88490027844168e-5
TG(12:0/18:1/16:1),0,4.48333049938185e-6,0,0,0,1.03093726123752e-6,1.55893658458316e-4,8.99250484616458e-5,4.59749600543587e-5,5.53613822096716e-5,9.28612461170572e-5,8.2206998340043e-5
TG(14:0/16:1/18:1),2.49987605680062e-5,6.41600607886494e-5,3.15374239771513e-5,4.32501850268189e-5,2.53925762844628e-5,3.94181929687553e-5,0.00130247542422277,8.02310266246265e-4,6.31303987692526e-4,7.07456735261376e-4,8.9571210937868e-4,7.48398042196351e-4
TG(14:1(9Z)/14:1(9Z)/19:0)[iso3],0,1.5245732160244e-6,0,0,0,0,1.69223335586873e-4,7.91473832859662e-5,6.51343658678575e-5,8.62208213175762e-5,9.51911506519056e-5,7.19527313878053e-5
TG(14:1(9Z)/14:1(9Z)/19:1(9Z))[iso3],0,4.67390759796601e-6,1.2227364005164e-6,1.57350198933638e-6,0,1.4872982652466e-6,2.07584472698829e-4,1.13165690912269e-4,5.29089294901063e-5,1.03284800035974e-4,1.13373760156416e-4,1.00380368801213e-4
TG(14:1/16:1/16:1),0,1.69006524701245e-6,1.07452170255653e-6,0,0,0,2.84898041471634e-5,1.39193978783945e-5,3.86364246993151e-6,1.83420733312629e-5,1.67360550097764e-5,2.19200370148404e-5
TG(14:1/16:1/18:1),9.50464595755553e-6,3.92055826465127e-5,2.06716582341698e-5,3.07142595915555e-5,9.46131090550899e-6,2.99421824527728e-5,3.69051290489723e-4,1.98489992686093e-4,1.07082387138884e-4,1.67042681685793e-4,1.76582832345458e-4,1.62193277027715e-4
TG(15:0/15:1(9Z)/17:0)[iso6],1.01615965914568e-5,1.60975483053867e-5,1.03072079754754e-5,7.61386149660826e-6,0,5.24308964601737e-6,2.56565499612647e-4,1.23058725332277e-4,1.12719486487054e-4,1.24660676040123e-4,1.68205832946451e-4,1.46367267318258e-4
TG(15:0/18:1/15:0),1.45982683820701e-5,2.29667890605981e-5,8.87997448267911e-6,8.23568266116181e-6,0,1.05761476196767e-5,4.62966725196996e-4,2.37548364214298e-4,2.00607817628711e-4,2.20326885760815e-4,2.63068946413045e-4,1.93608129040689e-4
TG(15:1(9Z)/15:1(9Z)/17:0)[iso3],2.79923715222436e-6,1.65619865519348e-5,7.77201187298604e-6,4.75863129875329e-6,0,7.98334226225918e-6,8.47693718020019e-5,4.7512632738069e-5,3.61398830709838e-5,3.59247704138799e-5,4.90036192267795e-5,3.913204177504e-5
TG(16:0/16:0/17:1),4.02530198936799e-5,6.64582432713903e-5,4.80647411620406e-5,5.13590601642072e-5,1.97164337714608e-5,4.41486592629782e-5,2.56262335617536e-4,1.59309477674221e-4,1.27750331397197e-4,1.08360882442618e-4,1.21940043181791e-4,1.33765135656359e-4
TG(16:0/16:1/17:1),1.9105643115604e-4,3.2136851033646e-4,2.64481893577976e-4,3.26620267040513e-4,3.00636923814704e-4,3.01189263087579e-4,0.00253290173965469,0.00132749363725953,0.00122221574312771,0.00126969586273195,0.00153034682378929,0.00131494645035387
TG(16:0/16:1/18:2),1.84696532052868e-5,4.0135822488325e-5,1.72755801029734e-5,1.72481690932857e-5,3.97821181630565e-6,2.47415734796596e-5,0.00128187931690674,6.76139577322274e-4,5.24849033733345e-4,6.66459907681757e-4,7.2476472492879e-4,6.1473923451643e-4
TG(16:0/17:1/17:1),3.92663559593612e-4,7.09706684213656e-4,4.38488710806352e-4,4.79814137870262e-4,3.01797265195415e-4,4.68951601383522e-4,0.00573361427933875,0.00360235909693914,0.00303913382761732,0.00281177188023363,0.0035761081441981,0.00326627755660077
TG(16:0/17:1/18:1),4.48504266548027e-4,5.91836220019026e-4,3.80869457473327e-4,4.47219797987212e-4,2.84039539811734e-4,4.46000228848814e-4,0.00524602358836678,0.00339154012657621,0.0026503284556938,0.00265619407695295,0.00316005530697034,0.00293507541888956
TG(16:0/17:1/20:5),8.72801845619973e-5,8.17712360078313e-5,6.14568406766857e-5,7.96820175328662e-5,4.87479027475339e-5,9.03145959648616e-5,0.00127603083708067,6.57813024385215e-4,5.74813514730077e-4,5.66869121272205e-4,7.67237536866286e-4,7.57088026892048e-4
TG(16:1/16:1/17:1),1.78330181454924e-5,6.80835561971594e-5,3.68227240039974e-5,5.62385931920323e-5,2.44333936936615e-5,4.79486819465588e-5,8.51053646566564e-4,5.38885741721497e-4,3.85362212756789e-4,4.67020859391304e-4,5.44877998158193e-4,4.48992384922385e-4
TG(16:1/17:0/17:0),4.62866203342655e-5,6.92091112778156e-5,4.40881175792737e-5,3.98395435069529e-5,1.5729962144938e-5,4.60079732129443e-5,4.45675465901251e-4,2.12656494707903e-4,2.03140042857725e-4,1.63073337672659e-4,2.10557261506353e-4,1.59822845550862e-4
TG(16:1/17:1/17:1),6.0464300229685e-5,1.39740892289743e-4,9.25925339226199e-5,1.30086682420688e-4,9.74367902742436e-5,1.08380812733688e-4,7.072963870603e-4,4.96422831279701e-4,3.33732531935259e-4,4.4001261971218e-4,5.5010140139368e-4,4.2028961489272e-4
TG(16:1/17:1/20:5),3.70696016733327e-6,1.01831224323348e-5,4.95052893313669e-6,8.8558528337691e-6,0,1.12543785436385e-5,3.23133531484805e-4,1.73028613920944e-4,1.2617795927589e-4,1.69689002480235e-4,1.99813027359645e-4,1.81768065471075e-4
TG(16:1/17:2/18:1),2.30565899417805e-6,1.17778542113179e-5,7.65052235135989e-6,5.07019142563143e-6,0,2.7019221682706e-6,3.07363447317841e-4,1.4196977681581e-4,8.67095503286195e-5,1.51912512907217e-4,1.65641445244055e-4,1.42089115724538e-4
TG(16:1/18:1/19:0),1.03523796327876e-4,3.12085723086705e-4,1.73639650364007e-4,1.15527695867951e-4,2.5287856056448e-5,1.12387378791432e-4,8.42974478482445e-5,8.518834205345e-5,7.49712543285555e-5,6.64344110753148e-5,4.62743405012388e-5,2.6132203599912e-5
TG(16:1/18:1/22:2),8.16550662368414e-5,6.89908062374112e-5,4.97339918354969e-5,4.15667384366446e-5,0,4.06901159909857e-5,2.53540409641075e-4,8.81550236451091e-5,1.07591442973746e-4,7.76774036025939e-5,7.77803437501777e-5,5.75693214834824e-5
TG(16:1/18:2/18:3),8.06655566780639e-6,1.27274059909618e-5,5.14520551369103e-6,4.84443325988255e-6,0,1.05924215555415e-5,2.85771242851877e-4,1.42076934072241e-4,1.1071982234713e-4,1.31806095876222e-4,1.70095020680135e-4,1.54219911852984e-4
TG(17:0/17:0/18:3),1.39771779880073e-4,2.32831276341366e-4,1.41682044894669e-4,1.81368361055561e-4,7.45496895682316e-5,1.83597811426255e-4,0.00397161058730793,0.00278247395667334,0.00212942099756854,0.0019882832115265,0.00232984477119822,0.00219874804717858
TG(17:0/17:1/17:1),2.82035246538466e-4,5.94098462943885e-4,4.21878839133057e-4,4.12248007790122e-4,2.33195010879652e-4,4.53792525000116e-4,8.44774857434372e-4,5.55785171552619e-4,5.49989302634726e-4,4.32553895782758e-4,5.10888973185748e-4,3.90693671792722e-4
TG(17:0/17:1/17:2),2.64714009981122e-4,5.45903302971646e-4,4.30125543330666e-4,5.17866798917951e-4,3.54496193305218e-4,4.65854490719729e-4,3.89436743611691e-4,2.88167540824207e-4,2.01801854276515e-4,2.20223312825088e-4,2.50437535301297e-4,2.50587017526935e-4
TG(17:0/17:1/18:1),8.8937388404286e-4,0.00150199022843808,0.00103148678941975,9.80728110538133e-4,5.32398488981329e-4,0.00102609038927009,0.00372600460496658,0.00271221847823094,0.00231337731975271,0.00171819087467797,0.00210817727262302,0.00190224213545735
TG(17:0/17:1/18:2),7.05990082988739e-4,0.00157601078899524,0.00112614441950461,0.00131991573754578,7.82719435486169e-4,0.00136905868536538,0.00488391700876124,0.00344681932634868,0.00231115619207693,0.00223227448578106,0.00313085104491661,0.00279645415028319
TG(17:0/18:1/18:1),7.4294611484877e-4,9.32141040174592e-4,6.51346094270226e-4,6.08829006870501e-4,3.03846197562025e-4,6.32295106436263e-4,0.00234817385180444,0.00176569714374922,0.00153397650621604,0.00109129238991462,0.00140496836962118,0.00111507537400349
TG(17:0/18:1/18:2),0.0016315962477778,0.00252935649562103,0.00211822385381485,0.00228575507531368,0.0013425818037613,0.00225424346139988,0.0120321367846174,0.00918968714949793,0.00702468735333567,0.00655348996132668,0.00847942343532803,0.0073956332484777804
TG(17:0/18:2/20:5),1.92065511963234e-4,2.37075426605164e-4,1.89022038501247e-4,2.41505282886374e-4,2.2366332304747e-4,2.51608772983739e-4,0.00174082002703644,9.84082434732917e-4,7.212143249476e-4,8.97571991927081e-4,0.00107170616503251,9.5569490639484e-4
TG(17:0/18:3/20:1),7.86807697287571e-5,8.3196728811422e-5,7.07178633459458e-5,5.76868962546713e-5,1.81373416063194e-5,6.0199736082534e-5,3.4889605036428e-4,2.06103597555956e-4,1.57425060467894e-4,1.2454761811722e-4,1.75600332228818e-4,1.65444538746426e-4
TG(17:0/20:5/20:5),1.87384616020539e-5,1.55055407457971e-5,1.03395165296877e-5,2.12266788887198e-5,1.82078452525172e-5,2.48730055855496e-5,1.0003461912577e-4,4.69556053988776e-5,4.13021324043404e-5,5.07805311594521e-5,5.44332184742106e-5,4.51285912141243e-5
TG(17:1/17:1/17:1),2.28984802970376e-4,4.52986074047294e-4,2.63418584485714e-4,3.39649512073058e-4,1.92848204951729e-4,3.70421178764152e-4,0.00604524536528577,0.00369030034841957,0.00284761808961903,0.00305749364468694,0.00375938023313392,0.00331693795788973
TG(17:1/17:1/20:1),2.63827361945655e-4,8.03172521294481e-4,4.18768651868855e-4,3.59297653081277e-4,1.25008982311867e-4,3.82808305776934e-4,0.00108089688387561,8.94322002455918e-4,7.75133763687102e-4,6.7481351859683e-4,6.64912816495154e-4,4.99146066546059e-4
TG(17:1/17:1/20:5),2.11338239775366e-5,2.36476921787581e-5,1.22867278849552e-5,1.7567047934468e-5,9.47475222835783e-6,1.81104107388139e-5,9.69930915584685e-4,4.40630075209308e-4,3.67946210165976e-4,4.23431432424034e-4,5.31932767217574e-4,4.6040360909176e-4
TG(17:1/17:2/18:1),2.03354927042571e-5,2.60780849661231e-5,1.58619250743843e-5,1.51424219514197e-5,0,1.44463721868243e-5,8.15030574578539e-4,3.88259871971464e-4,3.00292197228209e-4,3.56309280502086e-4,4.08949097372683e-4,3.15874389371911e-4
TG(17:1/18:1/18:1),1.93783633668998e-4,2.32998622416898e-4,1.59160796011527e-4,1.66708504013352e-4,6.94530256968867e-5,1.78132210960234e-4,8.5618604220855e-4,4.39077311006599e-4,3.43855028774772e-4,3.03934665719228e-4,3.69417193619504e-4,3.31969606920571e-4
TG(17:1/19:0/20:5),2.25946049788685e-4,2.08372561509919e-4,1.73400577390025e-4,2.22524744719033e-4,1.38595399861509e-4,2.16254259319841e-4,3.57969650369417e-4,2.44863550786808e-4,2.0574304301266e-4,1.48649543837855e-4,1.85688043324737e-4,1.85333239812202e-4
TG(17:1/20:2/20:4),2.27123775316761e-5,1.92795819691978e-5,1.89652390781257e-5,2.06524470019353e-5,3.74899561236144e-6,1.18340569735858e-5,1.4060650361208e-4,1.02820914608272e-4,6.26581175802534e-5,7.1450389494575e-5,8.29467175595432e-5,7.81409431146628e-5
TG(17:2/18:1/18:1),1.63576138107406e-4,1.94999307112866e-4,1.43522982269015e-4,1.82976531743259e-4,1.18244330030758e-4,1.78139530633729e-4,0.00153026821181727,7.96930572762601e-4,6.20856707664296e-4,6.84929928436824e-4,8.02161377514252e-4,7.70496577630083e-4
TG(17:2/18:2/20:2),2.22554712772367e-4,1.96960694806107e-4,1.67470912186766e-4,2.42205921570785e-4,2.25289022393168e-4,2.46810043706946e-4,0.00106908018703705,4.89560436716503e-4,4.24934845483956e-4,4.29939642930082e-4,5.63121166081956e-4,5.40905774708793e-4
TG(18:0/18:1/18:1),4.65634786130541e-4,8.62838790055755e-4,3.8700400149028e-4,3.20440242264323e-4,8.79714454034207e-5,3.52083471447306e-4,3.23354862759254e-4,3.06708821255045e-4,3.38310831562373e-4,1.94576967984021e-4,1.93170659979906e-4,1.21131054651892e-4
TG(18:0/18:2/18:3),4.1894129209844e-5,3.09405434473208e-5,2.92328039997465e-5,2.53675328358054e-5,1.52966763127098e-5,3.86555536699692e-5,2.69539626660055e-4,8.693678693974e-5,8.96836760943991e-5,1.05085762761608e-4,1.04551330807402e-4,9.7562227242485e-5
TG(18:1/18:1/18:1),0.00235008692635005,0.00248264653465231,0.00208216267681194,0.00221471820896549,0.0013323871472468,0.00234688676743126,0.00935473913863173,0.0069256991625132,0.00561380617810807,0.00482080924520964,0.00614576583214351,0.00524480999805873
TG(18:1/18:1/18:2),0.00116005132993167,9.23596095789873e-4,7.8826144910251e-4,7.8100438589298e-4,5.43634986154775e-4,8.91785040746781e-4,0.00367740360385259,0.00201328076168188,0.00164173108676845,0.00145307437997143,0.00179674448010479,0.001722201846159
TG(18:1/18:1/20:3),1.02274458709293e-4,8.92976347825632e-5,7.48186968401505e-5,7.38565035996781e-5,1.9666167600229e-5,6.28611991492563e-5,1.84355815381559e-4,9.60460623063557e-5,6.694839964014e-5,5.79054048867288e-5,6.25140599146161e-5,5.79919045578033e-5
TG(18:1/18:1/20:5),0.00227107850843911,0.00182793844000092,0.00185347357682571,0.00256545009526821,0.00254146557623306,0.00213660924293777,0.00737504504805648,0.00429531023488614,0.00293763754655945,0.00389727882876692,0.00510942733775921,0.00460866140765822
TG(18:1/18:2/19:0),5.7490781885567e-4,0.00104225414692383,6.03479474622094e-4,5.35893570602516e-4,1.8353837433043e-4,5.6851865848303e-4,0.00202003405586216,0.00178457667326398,0.00153284291950294,0.00130366212266028,0.00140398156548436,9.02143861332831e-4
TG(18:1/18:2/20:5),0.00102402902105853,6.94926276424741e-4,7.24056431337974e-4,8.59993583181529e-4,9.45991663999306e-4,8.86897581663006e-4,0.00307573708782312,0.00128646531211147,0.00102625573207405,0.00140078354784705,0.00181036591838547,0.00181822456889585
TG(18:1/18:3/18:3),1.15931067447464e-5,3.32819214670259e-5,2.43093999908692e-5,2.35781117428288e-5,1.08948527031357e-5,2.686168629926e-5,1.22789921157989e-4,7.28964467360263e-5,5.3392744410214e-5,6.94058615071859e-5,6.38475602994343e-5,7.13792649661082e-5
TG(18:1/20:3/20:5),8.06350416167931e-5,6.31686767620286e-5,6.67080316751258e-5,7.43850738196689e-5,7.04522892930435e-5,7.27554084942994e-5,1.23543762295857e-4,5.42242227487345e-5,4.62829009379951e-5,6.06581834583083e-5,7.3123218724203e-5,5.69609737073034e-5
TG(18:1/20:5/20:5),6.99043793387234e-4,5.70036566017042e-4,4.77151762323057e-4,7.50447303747007e-4,9.42733326225745e-4,7.50281793387479e-4,0.00385241995362622,0.00168900724872869,0.00122317808618964,0.00190044576371374,0.00244519829697037,0.00235081986560151
TG(18:2/18:2/18:2),4.9890271293459e-5,6.54479514108535e-5,4.46651194257475e-5,5.56605287262225e-5,4.58904977686058e-5,5.57899565602619e-5,1.797590816702e-4,9.49726647395627e-5,8.34596976627818e-5,8.30942317966242e-5,1.18925502610917e-4,1.11305382473155e-4
TG(18:3/20:3/20:4),2.37579146657538e-4,1.90751494507299e-4,1.88907639017342e-4,2.4443005850029e-4,2.64714469291849e-4,2.43203736339471e-4,6.112062561443e-4,2.81649839572553e-4,2.40257843157586e-4,2.96298032669529e-4,3.8847915038902e-4,3.54146507002371e-4
TG(18:3/20:4/20:5),1.35110667417465e-5,7.27030517998895e-6,5.59843479201605e-6,1.80852501178904e-6,4.30839592923841e-6,6.46680997485646e-6,2.50215778809711e-4,6.78732332260656e-5,4.96446092933066e-5,1.21540561185571e-4,1.59397373568253e-4,1.47311137281781e-4
TG(20:5/20:5/20:5),2.78434189256775e-5,1.49572912861843e-5,1.85042617711522e-5,2.04590021026949e-5,2.95049202130769e-5,2.68857649740174e-5,5.50932289999941e-4,1.0598645870249e-4,1.05283149687809e-4,2.18547768611505e-4,3.08380958958419e-4,3.13015075092074e-4
